sentence	Language	label_name	Annotator	label_ID
An official familiar with a draft of the budget plan described details of the funding request on the condition of anonymity ahead of President BidenÕs release of the plan on Monday.	en	Policy Prescription and Evaluation	G01384408	6.0
ICE continues to inspect individual detention centers to ensure appropriate conditions through the work of ERO, OPR, and in collaboration with other oversight bodies within DHS.	en	Security and Defense	G01384408	8.0
Together with the Federal Bureau of Investigation, HSI enabled the Department of Justice to obtain charges against two conspirators in that offense.	en	Crime and Punishment	G01384408	7.0
Detention Management coordinates with the 25 ERO field offices to ensure a safe and secure environment for noncitizens in ICE custody through facility compliance, on-site monitoring, and the acquisition of detention facilities.	en	Capacity and Resources	G01384408	2.0
Fugitive Operations facilitates logistical and operational support to 25 ERO field offices by developing, implementing, and overseeing plans and policies in support of the overall National Fugitive Operations Program mission.	en	Security and Defense	G01384408	8.0
These centers apply technical capabilities, analytical tools, and law enforcement expertise to generate intelligence-driven leads on noncitizens subject to removal.	en	Security and Defense	G01384408	8.0
Through data collection, analysis and technology and process improvements, LESA delivers tools, studies and recommendations that assist ICEÕs decision-making and planning.	en	Other	G01384408	15.0
This unit develops and implements strategies to remove noncitizens from the United States who are subject to removal by collaborating within the agency and with interagency stakeholders, foreign embassies and consulates, and international partners.	en	Security and Defense	G01384408	8.0
We advocate for global human rights policies and protections for migrants and refugees, and press for multilateral measures to address the root causes of migration, including climate change.	en	Morality	G01384408	3.0
The PA is a nonprofit organization who meets the State and program eligibility criteria and has administrative capacity to act on behalf of CDSS in managing designated programs and program funding.	en	Capacity and Resources	G01384408	2.0
If you are in the United States without having been admitted to or paroled into the country by an immigration officer, then you started accruing unlawful presence on the day you entered the country without admission or parole.	en	Legality, Constitutionality, Jurisdiction	G01384408	5.0
In general, if you were admitted or paroled into the United States by an immigration officer, you were issued or received a Form I_94, Arrival/Departure Record, which shows a specific date when you are required to leave.	en	Health and Safety	G01384408	9.0
If you leave the United States after the commencement of removal proceedings, including voluntarily, it is your responsibility to inform the Executive Office for Immigration Review.	en	Legality, Constitutionality, Jurisdiction	G01384408	5.0
The 10-year unlawful presence ground of inadmissibility applies whether you leave before, during, or after DHS initiated removal proceedings.	en	Legality, Constitutionality, Jurisdiction	G01384408	5.0
Although you are permanently inadmissible under this ground, you may ask for permission to reapply for admission to the United States, but only if you have been physically outside the United States for at least 10 years since the date of your last departure.	en	Legality, Constitutionality, Jurisdiction	G01384408	5.0
Depending on the immigration benefit you are seeking, the law may exempt you from the ground of inadmissibility.	en	Legality, Constitutionality, Jurisdiction	G01384408	5.0
You should write ÒReturn to United States during three-year or 10-year statutory periodÓ to assist with identification and to prevent rejection for untimely filing.	en	Capacity and Resources	G01384408	2.0
The Immigration and Nationality Act (INA) outlines crimes that can be the grounds of inadmissibility for individuals.	en	Legality, Constitutionality, Jurisdiction	G01384408	5.0
Since illegal immigrants are often not identified for years, the number of illegal-immigrant convicts in Texas is still undercounted.	en	Crime and Punishment	G01384408	7.0
The National Crime Victimization Survey, which is specifically designed to measure the publicÕs willingness to report crimes, shows that immigrants, including noncitizen Hispanics, are actually somewhat more likely to report crimes than the native-born.	en	Crime and Punishment	G01384408	7.0
Cultural Assimilation Cultural assimilation refers to the process in which a minority group or culture assumes the behaviors, values, rituals, and beliefs of their host nationÕs majority group.	en	Cultural Identity	G01384408	11.0
The term cultural assimilation is often used to describe immigrants who have migrated to new locations; however, it is also used to discuss Indigenous groups.	en	Cultural Identity	G01384408	11.0
Indigenous, immigrant, and ethnic minority groups often change or hide elements of their own culture, including their language, food, clothing, and spiritual practices, in order to adopt the values and social behaviors of the dominant culture.	en	Cultural Identity	G01384408	11.0
It is important to remain mindful that voluntary assimilation is often in response to pressure from a more predominant culture, and conformity is a solution for people to stay safe and survive.Forced assimilation: This is when a minority or Indigenous group is forced to give up their cultural identity, language, norms, and customs to fit into the dominant group.	en	Cultural Identity	G01384408	11.0
That said, while it is a common process attributed to the States, it is still a divisive political issueÑwith some politicians and the public holding the view that European immigrants assimilated quicker in the past than minority groups are doing in the present.	en	Fairness and Equality	G01384408	4.0
Today and historically, many White Americans in this country have viewed immigrants and ethnic minorities as a threat to the nationÕs culture, fearing differences among us and putting direct and indirect pressure on those who do not conform to do so, including through threats and violence.	en	Public Sentiment	G01384408	12.0
Cultural Assimilation Was Meant to Limit Self-Segregation However, during this period of time, immigrants were encouraged to assimilate as a means to achieve social stability and economic success.	en	Cultural Identity	G01384408	11.0
A different study into immigrant households found that brothers with more foreign names faced higher unemployment rates, completed fewer years of school, earned less, and were more likely to marry foreign-born spouses.	en	Economic	G01384408	1.0
Forced Assimilation Is a Form of Violence However, forcing minority groups to adopt cultural practices that are not their own is problematic at best and violent at worst.	en	Morality	G01384408	3.0
Indigenous people, ethnic minorities, and immigrants often experience assimilation in different ways, so it is essential to use care when discussing and reflecting on how it occurs and the impact it may have.	en	Cultural Identity	G01384408	11.0
In the hospitality sector, 38 percent of business owners were born outside the United States, as were 24 percent of retail business owners.	en	Economic	G01384408	1.0
With 85 million Americans living in counties with shrinking or stagnant populations and 160 million Americans residing in counties that lost prime working age adults from 2011 to 2021, it is time to reframe the immigration conversation around local and regional economic development.	en	Economic	G01384408	1.0
The 20 most populous U.S. counties contain 36 percent of the countryÕs immigrants with at least a BachelorÕs degree, compared to only 19 percent of the countryÕs total population.	en	Capacity and Resources	G01384408	2.0
State and local leaders in particular need to advance a bottom-up framework for understanding why immigration matters for the United States and become more fluent in the value their communities derive from immigration.	en	Policy Prescription and Evaluation	G01384408	6.0
The minimum investment in a TEA has increased to $900,000 (from $500,000) to account for inflation.	en	Economic	G01384408	1.0
DHS follows approved routine uses described in the associated published system of records notices [DHS/USCIS/ICE/CBP-001 Alien File and National File Tracking System of Records, DHS/USCIS-007 Benefits Information System, and DHS/USCIS-018 Immigration Biometric and Background] and the published privacy impact assessments [DHS/USCIS/PIA-016(a) Computer Linked Application Information System and Associated Systems], which you can find at www.dhs.gov/privacy.	en	Legality, Constitutionality, Jurisdiction	G01384408	5.0
Even if ten percent of the wage differential is absorbed in the travel costs of moving back and forth for a year, allowing the same low-skilled workers to be employed in the United States, rather than consigning them to their home country, would produce a boost in income 35 times larger than that enabled by an effective, well-designed, and well-implemented antipoverty program.	en	Economic	G01384408	1.0
But existing wage differentials between rich and poor countries, as well as the undeniable demand for workers, means that the movement of people happens anyway, but without legal sanction and with the complicity of employers.	en	Economic	G01384408	1.0
The impact of immigration on wages is most likely to be negative for native-born workers who have less education and for those who work in occupations where there is a large share of immigrants.4 In addition to its impact on wages, immigration also affects job opportunities for native-born workers.	en	Economic	G01384408	1.0
A large influx of immigrants can lead to more competition for jobs, which can result in fewer job opportunities for native-born workers.5 However, the impact of immigration on job opportunities is likely to be small.6 The net effect of immigration on the U.S. economy is positive.7 Immigration increases the number of workers in the economy, which leads to higher economic growth and higher wages for native-born workers.	en	Economic	G01384408	1.0
The new rule gives asylum officers more authority by allowing them to hear and decide asylum claims Ð cases that are usually assigned to immigration judges Ð when migrants present at the US southern border.	en	Policy Prescription and Evaluation	G01384408	6.0
The Migration Governance Indicators (MGI) form a framework to assess the comprehensiveness of countriesÕ migration policies and to help identify gaps and priorities to build institutional capacity and programmes on migration.	en	Policy Prescription and Evaluation	G01384408	6.0
Various sub-dimensions in each policy category are taken into account, including eligibility, conditions, security of status and associated rights.	en	Policy Prescription and Evaluation	G01384408	6.0
The dashboard of indicators are grouped into five policy dimensions: institutional coherence, reducing the cost of migration, protecting the rights of migrants and families, promoting integration and reintegration, and enhancing the development impact of migration.	en	Policy Prescription and Evaluation	G01384408	6.0
Immigration regulations are located in Title 8 (Aliens and Nationality) of the Code of Federal Regulations , which corresponds with Title 8 (Aliens and Nationality) of the United States Code.	en	Legality Constitutionality Jurisdiction	G01384408	
The urgency and the challenges of advancing gender equity and equality are glaringly evident around the world.	en	Legality Constitutionality Jurisdiction	G01384408	
The administration has put in place exceptional leadership and capacity to deliver at high political levels, including at the White House, the State Department and the U.S. Mission to the United Nations, the U.S. Agency for International Development (USAID), and the Department of Health and Human Services (HHS).	en	Capacity and Resources	G01384408	2.0
After the sustained attacks on gender-related issues under the Trump administration, especially around sexual and reproductive health and LGBTQI+ rights, the Biden administration is faced with the strategic imperative of advancing gender equity and equality as essential to achieving U.S. goals on global health and development, economic prosperity, and national security, and proving that this can be accomplished.	en	Policy Prescription and Evaluation	G01384408	6.0
While other administrations have had offices focused on women and girls, the current White House Gender Policy Council is the first policy council within the Executive Office of the President focused on gender equity and equalityÑincluding women and girls, but significantly more inclusive of the broader gender agenda, including LGBTQI+ issues.	en	Cultural Identity	G01384408	11.0
While convening and coordinating the interagency process will presumably remain with the White House, it will have to navigate the tensions and competition between and among agencies, which will require consistent, high-level support and staffing from the administration.	en	Political	G01384408	13.0
Diversity, Equity, and Inclusion, commonly referred to as DEI, is a framework for social reform applied to professional environments according to the US Chamber of Commerce.	en	Capacity and Resources	G01384408	2.0
Addressing the needs of immigrants is of growing importance as the pandemic has likely worsened the health and financial challenges faced by immigrants and there has been increasing immigration activity in the U.S.-Mexico border region.	en	Health and Safety	G01384408	9.0
Although most nonelderly noncitizens live in a family with a full-time worker, they face gaps in access to private coverage since they are significantly more likely to be low-income and employed in low-wage jobs and industries that are less likely to offer employer-sponsored coverage	en	Health and Safety	G01384408	9.0
Some immigrants, such as those with temporary protected status, are lawfully present but do not have a qualified status and are not eligible to enroll in Medicaid or CHIP regardless of their length of time in the country	en	Health and Safety	G01384408	9.0
Under rules issued by the Centers for Medicare and Medicaid Services (CMS), individuals with Deferred Action for Childhood Arrivals status are not considered lawfully present for purposes of health coverage eligibility and remain ineligible for coverage options.	en	Health and Safety	G01384408	9.0
Despite being eligible for coverage, many remain uninsured because immigrant families face a range of enrollment barriers, including fear, confusion about eligibility policies, difficulty navigating the enrollment process, and language and literacy challenges.	en	Health and Safety	G01384408	9.0
Research suggests that changes to immigration policy made by the Trump Administration contributed to growing fears among immigrant families about enrolling themselves and/or their children in Medicaid and CHIP even if they were eligible.	en	Policy Prescription and Evaluation	G01384408	6.0
ÒVarious states passed laws aimed at preventing a variety of populations from entering the borders of their states, including individuals with criminal records, people reliant on public assistance, slaves, and free blacks.Ó declared Jennifer Chacon.	en	Legality Constitutionality Jurisdiction	G01384408	
ÒAmanda Frost is an exciting addition to our faculty, with a wealth of both expertise and experience in immigration and constitutional law,Ó Dean Risa Goluboff said.	en	Other	G01384408	15.0
ÒThe book idea came as I kept stumbling on stories of people losing their citizenship throughout U.S. history, and I realized citizenship stripping was a much broader phenomenon than originally thought,Ó Frost said.	en	Other	G01384408	15.0
Watching the criminal justice system at work made her Òwant to be a part of it and represent people who were otherwise not going to be heard.Ó Immediately after college, she spent a year as a paralegal for a civil rights law firm and applied to study law at her alma mater.	en	Capacity and Resources	G01384408	2.0
ÒI found the issues [tied to immigration] really interesting on all fronts Ñ from questions of policy to statutory interpretation to complex constitutional questions about the relationships between the three branches of government,Ó she said.	en	Policy Prescription and Evaluation	G01384408	6.0
State authorities are also permitted to help enforce federal immigration laws by detaining immigrants previously convicted of a felony.	en	Legality, Constitutionality, Jurisdiction	G01384408	5.0
You might be wondering if itÕs enough to look at the officer and say, ÒCanÕt you tell by just looking at me that IÕm a good person?Ó Unfortunately, thatÕs not enough.	en	Other	G01384408	15.0
So if you take medical marijuana or take part in recreational marijuana, you can be considered of poor moral character even if itÕs legal in your state and even if you have never had any arrests or convictions in relation to a controlled substance.	en	Morality	G01384408	3.0
Moral Character and Lawfully Permanent Residents (LPR). If you are a lawfully permanent resident (LPR) looking to apply for US naturalization /citizenship, you must show acceptable moral character during your time as a lawful permanent resident for the USCIS officials.	en	Morality	G01384408	3.0
Moral Character and Immigration Court Proceedings. Having evidence for a good moral character becomes essential when an individual is subjected to deportation or removal proceedings by the USCIS.	en	Morality	G01384408	3.0
In a simple example, if a person is applying for US naturalization due to significant trauma or mental abuse faced by them, proof of significant achievements during their time in America can damage the overall case of the individual.	en	Quality of Life	G01384408	10.0
If they donÕt apply within their first year, they could lose their shot at asylum altogether.	en	Legality, Constitutionality, Jurisdiction	G01384408	5.0
More than 200,000 Afghans, Ukrainians, Venezuelans, Nicaraguans, Cubans and Haitians have arrived through more formal humanitarian parole processes.	en	Policy Prescription and Evaluation	G01384408	6.0
Facing a surge of migrants at the US-Mexico border and on the heels of a crisis, White House and Department of Homeland Security officials began discussing more restrictive policies that would keep migrants from coming to the US.	en	Security and Defense	G01384408	8.0
ÒAs a matter of good governance, we take all legal considerations into account before putting any policy forward, and the recent proposed rule reflects those considerations,Ó an administration official said in a statement.	en	Policy Prescription and Evaluation	G01384408	6.0
Proposals to reform the immigration system fell by the wayside as officials grappled with a record number of migrants arriving at the US southern border, sources told CNN.	en	Policy Prescription and Evaluation	G01384408	6.0
ÒThis was not our first preference or even our second,Ó an administration official previously told reporters, stressing efforts to open legal pathways to the US, including use of an app, and underscoring the onus is on Congress to pass reform.	en	Policy Prescription and Evaluation	G01384408	6.0
The applicant, the civil surgeon, and any other health care provider who evaluated the applicant as part of the immigration medical examination should sign the form, to verify that the content of their representations is truthful.	en	Health and Safety	G01384408	9.0
If a refugee only requires the vaccination assessment, the only parts of the form that need to be completed are the applicantÕs information, the vaccination assessment, and the certifications.	en	Health and Safety	G01384408	9.0
It may be possible for USCIS to accommodate one applicant who is affected by a particular physical or developmental disability or mental impairment, while another applicant affected by the same disability or impairment may be eligible for a disability exception.	en	Policy Prescription and Evaluation	G01384408	6.0
A disability exception, which can only be requested by submitting Form N-648, requires an applicant to show that the applicantÕs physical or developmental disability or mental impairment prevents the applicant from complying with the English or civics requirements or both, even with reasonable accommodations.	en	Policy Prescription and Evaluation	G01384408	6.0
Interpreters providing interpretation services for telehealth medical examinations do not have to complete the interpreter certification on Form N-648.	en	Legality, Constitutionality, Jurisdiction	G01384408	5.0
Congress has been unable to reach an agreement on comprehensive immigration reform for years, effectively moving some major policy decisions into the executive and judicial branches of government and fueling debate in the halls of state and municipal governments.	en	Policy Prescription and Evaluation	G01384408	6.0
BidenÕs steps to undo Trump-era policies have included reducing immigration enforcement inside the United States, ending the travel bans, lifting the suspension of green card processing, and halting construction of the wall along the U.S.-Mexico border.	en	Policy Prescription and Evaluation	G01384408	6.0
Meanwhile, a historic influx of migrants at the southern border threatens to destabilize BidenÕs efforts further: after a pandemic-related drop, border apprehensions spiked to nearly 240,000 in May 2022, the highest level in more than twenty years.	en	Security and Defense	G01384408	8.0
During the 2022 Summit of the Americas, twenty-three heads of state from Western Hemisphere countries agreed to a migration pact that aims to increase aid to refugee populations, improve border management, and better coordinate emergency responses.	en	Policy Prescription and Evaluation	G01384408	6.0
Biden and Mexican President Andrs Manuel Lpez Obrador also proposed a joint infrastructure plan aimed at securing the southern U.S. border, emphasizing an expansion of temporary work visas and increasing investment in border surveillance.	en	Security and Defense	G01384408	8.0
ÒThe overall trend in speeches toward immigrants before the 1920s was negative, but it shifted to mostly positive within a single generation Ñ from 1945 to 1965,Ó says Ran Abramitzky, a professor of economics and an economic historian at Stanford who teamed up with AI researchers on the new paper.	en	Cultural Identity	G01384408	11.0
In addition to Card and Abramitzky, the team included Serina Chang, a computer scientist at Stanford; Chris Becker, an economist at Stanford; Julia Mendelsohn, an information scientist at the University of Michigan; Dan Jurafsky, a professor of linguistics and computer science at Stanford; Leah Boustan, a professor of economics at Princeton; and Rob Voigt, an assistant professor of linguistics at Northwestern University.	en	Other	G01384408	15.0
To train machine-learning models that could accurately recognize the tone toward immigrants, the team began having human research assistants manually annotate a sample of speeches on whether they were positive, negative, or neutral and how they characterized immigrants.	en	Policy Prescription and Evaluation	G01384408	6.0
The positive tone toward immigrants in recent political speeches reflects rising positive sentiment in the country as a whole.	en	Public Sentiment	G01384408	12.0
As reported last month, illegal immigration ties with race relations as a public concern and ranks among the lower half of 14 issues rated this year.	en	Public Sentiment	G01384408	12.0
ÒPresident Biden doesnÕt have to go forward with the asylum ban, and we are mobilizing the public to speak out against this terrible misstep,Ó said Bilal Askaryar, the interim campaign manager of #WelcomeWithDignity, a coalition of immigrant rights and legal organizations.	en	Policy Prescription and Evaluation	G01384408	6.0
The World Health Organization explains QoL as a subjective evaluation of one's perception of their reality relative to their goals as observed through the lens of their culture and value system.	en	Quality of Life	G01384408	10.0
This on top of the millions in administration costs and legal aid directed towards the many who are flagrantly abusing our asylum system with unfounded, spurious or vexatious claims Ð see briefing papers on the rising costs of our overwhelmed and abused asylum system	en	Capacity and Resources	G01384408	2.0
Traffic congestion has worsened Ð The traffic data company Inrix found that London is now the most congested city on the planet and the worsening traffic has led the government to make foolish decisions to ÔupgradeÕ roads into Ôsmart motorwaysÕ by removing the hard shoulder Ð making driving less safe and putting families at risk.	en	Quality of Life	G01384408	10.0
This is all without even mentioning the public safety nightmare created by the sheer inability to verify the identify of the tens of thousands who have come illegally by boat, air and lorry Ð made worse by the tendency of those coming to deliberately destroy ID documents.	en	Security and Defense	G01384408	8.0
Laws that segregate against noncitizens, as well as programs and policies that fail to address their particular needs and vulnerabilities, often leave transients and their families without access to basic services.	en	Fairness and Equality	G01384408	4.0
WomenÕs ability to migrate can be limited by individual and family factors such as age, seniority in the family, race/ethnicity, marital status, and the presence or absence of children.	en	Fairness and Equality	G01384408	4.0
Due to their ethnic beliefs, migrants are dehumanized, treated as criminals, arbitrarily detained, and sometimes separated from their children	en	Morality	G01384408	3.0
Obstacles and walls are erected because of the notion that blocking channels of safe and regular movement and deliberately making the path more dangerous will reduce peopleÕs resolve to leave their countries.	en	Policy Prescription and Evaluation	G01384408	6.0
Immigrants must demonstrate that they have a well-founded fear of persecution when returning to their home country and that they fear persecution.	en	Legality, Constitutionality, Jurisdiction	G01384408	5.0
This number is determined by surveying people from across the country on factors as diverse as housing affordability, cost of living, commute time, pollution, crime, health, purchasing power, recreation, employment, and more.	en	Quality of Life	G01384408	10.0
The Department of Homeland Security (DHS) and its many partners across the federal government, public and private sectors, and communities across the country and around the world have worked since 9/11 to build a new homeland security enterprise to better mitigate and defend against dynamic threats, minimize risks, and maximize the ability to respond and recover from attacks and disasters of all kinds.	en	Security and Defense	G01384408	8.0
Citizenship and Immigration Services (USCIS) updated the Employment Authorization Document by adding a machine-readable zone that will allow border control officers to more efficiently identify people who have already been approved for immigration benefits and who have been reviewed previously by USCIS officers.	en	Legality, Constitutionality, Jurisdiction	G01384408	5.0
USCG has increased the presence and capabilities of maritime forces to address threats through the establishment of the Deployable Operations Group, which can respond rapidly to terrorist and weapons of mass destruction threats as well as Maritime Safety and Security Teams at critical U.S. ports, which focus on domestic maritime threats and post-incident response.	en	Security and Defense	G01384408	8.0
Radiation Detection: Customs and Border Protection has deployed Radiation Portal Monitors and other radiation detection technologies to seaports, land border ports, and mail facilities around the world.	en	Policy Prescription and Evaluation	G01384408	6.0
The Department of Homeland Security (DHS) and its many partners across the federal government, public and private sectors, and communities across the country and around the world have worked since 9/11 to build a new homeland security enterprise to better mitigate and defend against dynamic threats, minimize risks, and maximize the ability to respond and recover from attacks and disasters of all kinds.	en	Security and Defense	G01384408	8.0
Contemporary readers may also be surprised by ÒmanlessÓ and ÒwomenlessÓ weddings staged by womenÕs and menÕs clubs as fundraisers for Liberty Bonds in the early part of the twentieth century.	en	Cultural Identity	G01384408	11.0
She also discusses cultural aspects of same-sex couplings, such as Òfictive marriages,Ó including to Jesus by men as well as women, and Mark TwainÕs story ÒHow Nancy Jackson Married Kate Wilson,Ó which he considered so risque he didnÕt dare publish it.	en	Cultural Identity	G01384408	11.0
One particular court case jumps out: in a 1923 Chicago murder trial, the judge ruled that Òthe fact that Thompson was a man did not affect his status as a wife, insofar as interpretation of the law is concerned.Ó This meant Thompson wasnÕt allowed to testifyÑsince under the law at the time wives couldnÕt testify on behalf of their husbands.	en	Legality, Constitutionality, Jurisdiction	G01384408	5.0
Same-sex couplesÑas well as enslaved couples, mixed-race couples, the self-divorced, and the polygamousÑmay or may not have been sanctioned by the state, yet they existed nevertheless.	en	Legality Constitutionality Jurisdiction	G01384408	
As Cleves asks, ÒShould they be understood as same-sex narratives or should they be framed within a history of transgender that is still being delineated from lesbian and gay history?	en	Legality Constitutionality Jurisdiction	G01384408	
LGBTQ+ people who are already married in states with bans would continue to be married.	en	Legality Constitutionality Jurisdiction	G01384408	
LGBTQ+ people who want to get married in 32 states without equal marriage rights would have to cross state lines to get married, and their home state would have to recognize their union.	en	Legality Constitutionality Jurisdiction	G01384408	
What does the bill mean for people who are already married but live in states that ban LGBTQ+ marriage?	en	Policy Prescription and Evaluation	G01384408	6.0
Is there a way to reinstitute marriage equality nationally if the Supreme Court strikes it down?	en	Legality Constitutionality Jurisdiction	G01384408	
One justice in the majority that overturned Roe, Clarence Thomas, wrote in a concurring opinion that the court Òshould reconsiderÓ Obergefell, calling it one of the courtÕs Òdemonstrably erroneous decisions.Ó Obergefell has been in place for a far shorter time than Roe was when it was overturned.	en	Legality, Constitutionality, Jurisdiction	G01384408	5.0
Same-sex couples have won the battle for marriage equality and can secure many, if not all, of the benefits of marriage offered by federal and state laws.	en	Fairness and Equality	G01384408	4.0
In some states and the District of Columbia, married couples may take title to assets, such as their home and bank accounts, in a way that limits how creditors may attach those specially titled assets.	en	Economic	G01384408	1.0
For unmarried domestic partners who receive the same employee benefits (if the employer even offers benefits to domestic partners), the value of the benefits for the domestic partner is generally taxable income to the employee for federal income tax purposes.	en	Economic	G01384408	1.0
Now that same-sex marriage is recognized, same-sex married couples can enjoy the peace of mind of knowing that they are legal next-of-kin when making decisions for a sick spouse and will be in control of the spouseÕs estate at death, absent other arrangements.	en	Legality, Constitutionality, Jurisdiction	G01384408	5.0
The economic impact of same-sex marriage has been positive for the wedding industry and for state and local economies.	en	Economic	G01384408	1.0
International organizations, including the United Nations, have issued resolutions in support of LGBTQ+ rights, but human rights groups say these organizations have limited power to enforce them.	en	External Regulation and Reputation	G01384408	14.0
ÒThereÕs no sensible diplomat who would think that pushing same-sex marriage on a country thatÕs not ready for it is a good idea,Ó says Dorf.	en	Other	G01384408	15.0
Despite the increase in public support for same-sex marriage, debate continues between advocates of legal equality and individuals and institutions that object to marriage equality on the basis of religious belief.	en	Morality	G01384408	3.0
Scholars and the general public became increasingly interested in the issue during the late 20th century, a period when attitudes toward homosexuality and laws regulating homosexual behaviour were liberalized, particularly in western Europe and the United States.	en	Cultural Identity	G01384408	11.0
By the early 21st century, several jurisdictions, both at the national and subnational levels, had legalized same-sex marriage; in other jurisdictions, constitutional measures were adopted to prevent same-sex marriages from being sanctioned, or laws were enacted that refused to recognize such marriages performed elsewhere.	en	Legality, Constitutionality, Jurisdiction	G01384408	5.0
That the same act was evaluated so differently by various groups indicates its importance as a social issue in the early 21st century; it also demonstrates the extent to which cultural diversity persisted both within and among countries.	en	Cultural Identity	G01384408	11.0
Among the more common forms so documented were common-law marriage; morganatic marriage, in which titles and property do not pass to children; exchange marriage, in which a sister and a brother from one family marry a brother and a sister from another; and group marriages based on polygyny (co-wives) or polyandry (co-husbands).	en	Cultural Identity	G01384408	11.0
Religious and secular expectations of marriage and sexuality\nOver time the historical and traditional cultures originally recorded by the likes of Bachofen and Morgan slowly succumbed to the homogenization imposed by colonialism.	en	Cultural Identity	G01384408	11.0
International organizations, including the United Nations, have issued resolutions in support of LGBTQ+ rights, but human rights groups say these organizations have limited power to enforce them.	en	External Regulation and Reputation	G01384408	14.0
Meanwhile, in Chechnya, a semiautonomous republic within Russia, dozens of men suspected of being gay have been detained, tortured, and even killed in two separate official crackdowns since 2017.	en	Crime and Punishment	G01384408	7.0
Lawmakers in Thailand and Vietnam have considered bills to legalize same-sex marriage or civil partnerships.	en	Policy Prescription and Evaluation	G01384408	6.0
Support for legalizing same-sex marriage also remains low in the Caribbean, at just 16 percent in Jamaica and 23 percent in the Dominican Republic, according to the ILGA.	en	Public Sentiment	G01384408	12.0
Among groups who feel strongly that same-sex marriage is problematic, there is also a tendency for the legal relationships of spouses, parents, and children to converge.	en	Morality	G01384408	3.0
In contrast to the procreative model of marriage, advocates of the legalization of same-sex marriage generally believed that committed partnerships involving sexual intimacy are valuable because they draw people together to a singular degree and in singular ways.	en	Morality	G01384408	3.0
Some other countries have constitutionally mandated Islamic law, which is generally interpreted as prohibiting marriage between same-sex couples.	en	Legality, Constitutionality, Jurisdiction	G01384408	5.0
In the United States, same-sex marriage became an official request of gay rights movement after the Second National March on Washington for Lesbian and Gay Rights in 1987.	en	Political	G01384408	13.0
In other countries, constitutions have been adopted which have wording specifying that marriage is between a man and a woman, although, especially with the older constitutions, they were not necessarily worded with the intent to ban same-sex marriage.	en	Legality, Constitutionality, Jurisdiction	G01384408	5.0
They also said that it was inadmissible and discriminatory for a separate legal provision to be established (such as civil unions) instead of same-sex marriage.	en	Fairness and Equality	G01384408	4.0
Despite their relative independence, few organizations recognize same-sex partnerships without condition.	en	Other	G01384408	15.0
Although same-sex marriage has been regulated through law, religion, and custom in most countries of the world, the legal and social responses have ranged from celebration on the one hand to criminalization on the other.	en	Cultural Identity	G01384408	11.0
By the late 20th and early 21st centuries, the perspectives of one or more of the world religionsÑBuddhism, Hinduism, Judaism, Islam, and ChristianityÑand their associated civil practices were often invoked during national discussions of same-sex marriage.	en	Cultural Identity	G01384408	11.0
This was the case in both Iran, where a strong Muslim theocracy had criminalized same-sex intimacy, and Denmark, where the findings of a conference of Evangelical Lutheran bishops (representing the state religion) had helped smooth the way for the first national recognition of same-sex relationships through registered partnerships.	en	Cultural Identity	G01384408	11.0
In other cases, the cultural homogeneity supported by the dominant religion did not result in the application of doctrine to the civic realm but may nonetheless have fostered a smoother series of discussions among the citizenry: Belgium and Spain had legalized same-sex marriage, for instance, despite official opposition from their predominant religious institution, the Roman Catholic Church.	en	Cultural Identity	G01384408	11.0
But the public rallying and push to pass federal protections for same-sex and interracial marriage intensified this year after the Supreme Court overturned Roe v. Wade, sparking fresh fears that the nationÕs highest court would also reconsider other existing rights around marriage equality.	en	Policy Prescription and Evaluation	G01384408	6.0
Those words Ð which Biden insisted in subsequent years were unplanned Ð marked a stunning personal evolution for the longtime creature of Washington, who as senator had voted to block federal recognition of same-sex marriages and previously insisted that marriage should only take place between a man and a woman.	en	Political	G01384408	13.0
There are still acts of violence and hate; fights over trans rights, trans athletes, allowing trans youth access to gender-affirming health care and access to books in schools with LGBTQ themes and characters.	en	Morality	G01384408	3.0
These issues have been specifically seized upon by opportunistic right-wing politicians who gain power by stoking baseless fears of misunderstood marginalized communities, and then selling themselves as the only protection people have from the targeted group.	en	Cultural Identity	G01384408	11.0
In the Senate, as a presidential candidate and as vice president, he always had been very cautious around LGBT issues, afraid of taking any position that opponents could use to portray him as a left-winger,Ó Sasha Issenberg, author of ÒThe Engagement: AmericaÕs Quarter-Century Struggle Over Same-Sex Marriage,Ó told CNN.	en	Political	G01384408	13.0
They included Judith Kasen-Windsor, widow of gay rights activist Edie Windsor; Matthew Haynes, co-owner of Club Q, the LGBTQ club in Colorado Springs where a gunman last month killed five people in a mass shooting; Club Q shooting survivors James Slaugh and Michael Anderson; and a number of plaintiffs from cases that culminated in the landmark civil rights case Obergefell vs. Hodges, in which the Supreme Court ruled in 2015 that same-sex couples can marry nationwide.	en	Morality	G01384408	3.0
The House voted to pass legislation on Thursday to protect same-sex and interracial marriage, the last step before the measure goes to President Joe Biden for his signature and becomes law.	en	Legality, Constitutionality, Jurisdiction	G01384408	5.0
President Joe Biden signed into law Tuesday landmark new federal protections for same-sex and interracial couples, capping both a personal and national evolution on an issue thatÕs enjoyed growing acceptance over the past decade.	en	Capacity and Resources	G01384408	2.0
Biden signed the Respect for Marriage Act before thousands of invited guests on the South Lawn at an event the White House said reflected the importance of the moment.	en	Cultural Identity	G01384408	11.0
Such a bill had seemed improbable for many in Washington not that long ago, even as public opinion on same-sex marriage has continued to shift over the years: 68% of Americans supported same-sex marriage in 2021, up 14 percentage points from 2014, according to surveys from the nonprofit, nonpartisan Public Religious Research Institute.	en	Health and Safety	G01384408	9.0
Those words Ð which Biden insisted in subsequent years were unplanned Ð marked a stunning personal evolution for the longtime creature of Washington, who as senator had voted to block federal recognition of same-sex marriages and previously insisted that marriage should only take place between a man and a woman.	en	Quality of Life	G01384408	10.0
ÒAs you saw there was pretty good bipartisan support in the House yesterday and I expect thereÕd probably be the same thing youÕd see in the Senate,Ó he said.	en	Public Sentiment	G01384408	12.0
About half of those with a high school diploma or less (51%) say same-sex marriage is very good (26%) or somewhat good (25%) for society, with 45% saying it is somewhat bad (20%) or very bad (24%).	en	Public Sentiment	G01384408	12.0
While partisan divides are evident regardless of AmericansÕ age and educational background, these differences are more modest among younger adults than older people.	en	Public Sentiment	G01384408	12.0
Younger Republicans express much more positive views of same-sex marriage than older Republicans, but age differences among Democrats are less pronounced.	en	Public Sentiment	G01384408	12.0
Educational differences are somewhat wider among Democrats than among Republicans.	en	Public Sentiment	G01384408	12.0
Even high-profile Democrats like former President Barack Obama were hesitant to share their support for same-sex marriage Ñ although Obama did eventually become the first president to do so.	en	Cultural Identity	G01384408	11.0
While support for same-sex marriage has grown steadily across generational cohorts in the last 15 years, there are still sizable age gaps.	en	Public Sentiment	G01384408	12.0
For instance, 45% of adults in the Silent Generation (those born between 1928 and 1945) favor allowing gays and lesbians to wed, compared with 74% of Millennials (born between 1981 and 1996).	en	Public Sentiment	G01384408	12.0
Surveys conducted by Gallup in 2017 find that about one-in-ten LGBT Americans (10.2%) are married to a same-sex partner, up from the months before the high court decision (7.9%).	en	Quality of Life	G01384408	10.0
The new survey Ð which was fielded in October, before the midterm elections Ð comes as some have questioned whether same-sex marriage will remain legal nationally following the Supreme CourtÕs June decision to overturn Roe v. Wade, turning abortion laws back to the states.	en	Legality, Constitutionality, Jurisdiction	G01384408	5.0
Pew Research Center asked this question to track public views about the legal status of same-sex marriage.	en	Legality, Constitutionality, Jurisdiction	G01384408	5.0
It mandates that states honor the validity of out-of-state marriage licenses, including same-sex and interracial unions.	en	Legality, Constitutionality, Jurisdiction	G01384408	5.0
ÒThe pursuit of happiness means you can love whom you choose,Ó he said, adding: ÒI am shocked that conservatives that have a libertarian bent believe that somehow we ought to get involved in this.	en	Morality	G01384408	3.0
It clarified that religious organizations wouldnÕt be required to perform same-sex marriages and that the government would not be forced to protect polygamous marriages.	en	Fairness and Equality	G01384408	4.0
The House on Tuesday passed legislation to codify same-sex marriage nationwide and strengthen other marriage-equality protections, in a direct reaction to the Supreme Court's recent ruling that overturned long-standing federal abortion rights.	en	Fairness and Equality	G01384408	4.0
In one view, the purpose of marriage is to ensure successful procreation and child rearing.	en	Morality	G01384408	3.0
