sentence	label_name	Language	label_ID
সমকামী বিবাহের ইতিবাচক অর্থনৈতিক প্রভাব রয়েছে, যেমন B. পর্যটকদের কাছ থেকে আয় বৃদ্ধি এবং বিবাহের অনুমতি এবং বিবাহ সংক্রান্ত খরচ।	Economic	bn	1.0
সমকামী বিবাহের বিরোধীরা যুক্তি দেয় যে এটি নেতিবাচক অর্থনৈতিক পরিণতির দিকে নিয়ে যাবে, যেমন ঐতিহ্যগত পারিবারিক কাঠামোর দুর্বলতা এবং এর ফলে সামাজিক অস্থিতিশীলতা।	Economic	bn	1.0
সমকামী বিবাহকে বৈধ করা সমকামী দম্পতিদের বিষমকামী দম্পতিদের মতো একই সম্পদ এবং সুবিধা অ্যাক্সেস করতে সাহায্য করবে, যেমন বি. স্বাস্থ্যসেবা অধিকার এবং উত্তরাধিকার অধিকার৷	Capacity and Resources	bn	2.0
সমকামী বিবাহের কিছু বিরোধীরা যুক্তি দেয় যে এটি সরকারী সংস্থা এবং প্রতিষ্ঠানগুলির সমকামী বিবাহকে স্বীকৃতি ও স্বীকৃতি দেওয়ার ক্ষমতাকে দুর্বল করে দেবে।	Capacity and Resources	bn	2.0
সমকামী বিবাহের সমর্থকরা যুক্তি দেয় যে এটি একটি মৌলিক মানবাধিকার এবং সমকামী দম্পতিদের বিবাহের অধিকার অস্বীকার করা নৈতিকভাবে ভুল।	Morality	bn	3.0
সমকামী বিবাহের বিরোধীরা প্রায়শই তাদের যুক্তিগুলিকে ধর্মীয় বা নৈতিক ভিত্তিতে ভিত্তি করে, এই যুক্তিতে যে বিবাহ শুধুমাত্র একজন পুরুষ এবং একজন মহিলার মধ্যে হওয়া উচিত।	Morality	bn	3.0
সমকামী বিবাহকে বৈধ করাকে প্রায়শই ন্যায়বিচার এবং সমতার বিষয় হিসাবে দেখা হয়, কারণ এটি সমকামী দম্পতিদের বিষমকামী দম্পতিদের মতো একই আইনি স্বীকৃতি এবং সুবিধা দেয়।	Fairness and Equality	bn	4.0
সমকামী বিবাহের বিরোধীরা যুক্তি দেয় যে এটি সমতা নয় কারণ সমকামী দম্পতিদের নিবন্ধিত বা সাধারণ-লিঙ্গের অংশীদারিত্বে প্রবেশের অনুমতি দেওয়া হয়, যা তাদের বিবাহিত দম্পতিদের মতো একই আইনি অধিকার দেয়।	Fairness and Equality	bn	4.0
সমলিঙ্গের বিবাহের আইনগত অবস্থা এখতিয়ার অনুসারে পরিবর্তিত হয়। কিছু দেশ এবং রাজ্য এটিকে বৈধ করে যখন অন্যরা তা করে না। এটি রাজ্যের অধিকার এবং বিবাহকে সংজ্ঞায়িত করার ক্ষেত্রে ফেডারেল সরকারের ভূমিকার মতো বিষয় নিয়ে বিতর্কের জন্ম দিয়েছে।	Legality, Constitutionality, Jurisdiction	bn	5.0
সমকামী বিবাহের বিরোধীরা সাধারণত যুক্তি দেন যে এটিকে বৈধ করা বা না করার সিদ্ধান্ত নেওয়া রাজ্যগুলির উপর নির্ভর করে, যখন সমর্থকরা সাধারণত যুক্তি দেয় যে এটি ফেডারেল সাংবিধানিক অধিকারের বিষয়।	Legality, Constitutionality, Jurisdiction	bn	5.0
সমকামী বিবাহের সমর্থকরা সমকামী বিবাহের বৈধতাকে বৃহত্তর সমতা এবং অন্তর্ভুক্তির দিকে একটি ইতিবাচক রাজনৈতিক পদক্ষেপ হিসাবে দেখেন।	Policy Prescription and Evaluation	bn	6.0
সমকামী বিবাহের বিরোধীরা যুক্তি দেয় যে এর নেতিবাচক সামাজিক এবং সাংস্কৃতিক পরিণতি রয়েছে এবং সমকামী দম্পতিদের মুখোমুখি হওয়া সমস্যার একটি কার্যকর রাজনৈতিক সমাধান দেয় না।	Policy Prescription and Evaluation	bn	6.0
সমকামী বিবাহকে বৈধ করার ক্ষেত্রে কোন অপরাধ বা অপরাধমূলক পরিণতি নেই।	Crime and Punishment	bn	7.0
যাইহোক, সমকামী বিবাহের বিরোধীরা প্রায়শই যুক্তি দেয় যে এটি ঐতিহ্যগত পারিবারিক মূল্যবোধ এবং নৈতিক মানকে ধ্বংস করবে, যা তারা বলে যে নেতিবাচক সামাজিক পরিণতি হবে।	Crime and Punishment	bn	7.0
সমকামী বিবাহকে বৈধ করার কোন অন্তর্নিহিত নিরাপত্তা বা নিরাপত্তার প্রভাব নেই।	Security and Defense	bn	8.0
কিন্তু সমকামী বিবাহের কিছু বিরোধীরা দাবি করে যে এটি ঐতিহ্যগত পারিবারিক কাঠামোকে দুর্বল করে, যা তারা বলে যে শক্তিশালী সামাজিক মূল্যবোধ এবং জাতীয় প্রতিরক্ষার জন্য অপরিহার্য।	Security and Defense	bn	8.0
সমকামী বিবাহের বৈধকরণ স্বাস্থ্য বীমা এবং হাসপাতালে পরিদর্শনের অধিকারের মতো গুরুত্বপূর্ণ আইনি ও চিকিৎসা সুবিধার অ্যাক্সেস সহ সমকামী দম্পতিদের প্রদান করে স্বাস্থ্য ও নিরাপত্তার উপর ইতিবাচক প্রভাব ফেলেছে।	Health and Safety	bn	9.0
সমকামী বিবাহের বিরোধীরা যুক্তি দেয় যে এটি নেতিবাচক স্বাস্থ্যের পরিণতি ঘটাতে পারে, যার মধ্যে রয়েছে:	Health and Safety	bn	9.0
সমকামী বিবাহকে বৈধ করা সমকামী দম্পতিদের আরও বেশি আইনি স্বীকৃতি এবং গুরুত্বপূর্ণ সুবিধা এবং সংস্থানগুলিতে অ্যাক্সেস প্রদানের মাধ্যমে তাদের জীবনমানের উপর ইতিবাচক প্রভাব ফেলবে।	Quality of Life	bn	10.0
সমকামী বিবাহের বিরোধীরা প্রায়শই যুক্তি দেয় যে এটি ঐতিহ্যগত পারিবারিক কাঠামো এবং মূল্যবোধকে ব্যাহত করে, যা ব্যক্তি এবং পরিবারের জীবনযাত্রার মানকে নেতিবাচকভাবে প্রভাবিত করে।	Quality of Life	bn	10.0
সমকামী বিবাহকে LGBTQ+ অধিকার এবং গ্রহণযোগ্যতার প্রতি পরিবর্তনশীল সাংস্কৃতিক মনোভাবের প্রতিফলন হিসাবে দেখা যেতে পারে।	Cultural Identity	bn	11.0
সমকামী বিবাহের বিরোধীরা প্রায়শই ঐতিহ্যগত সাংস্কৃতিক মূল্যবোধ এবং নিয়ম সংরক্ষণ নিয়ে আলোচনা করে।	Cultural Identity	bn	11.0
সমকামী বিবাহের বিষয়ে জনমত সাম্প্রতিক বছরগুলিতে নাটকীয়ভাবে পরিবর্তিত হয়েছে, সমকামী সম্পর্কের আইনি স্বীকৃতির জন্য ক্রমবর্ধমান সমর্থন সহ।	Public Sentiment	bn	12.0
যাইহোক, সমকামী বিবাহের কিছু বিরোধীরা যুক্তি দেন যে জনমতের নীতিগত সিদ্ধান্তগুলিকে প্রভাবিত করা উচিত নয় এবং বিবাহকে একজন পুরুষ এবং একজন মহিলার মধ্যে সংজ্ঞায়িত করা উচিত।	Public Sentiment	bn	12.0
সমকামী বিবাহ একটি অত্যন্ত রাজনৈতিক ইস্যু, বিভিন্ন রাজনৈতিক দল এবং স্বার্থ গোষ্ঠী এই বিষয়ে বিভিন্ন অবস্থান গ্রহণ করে।	Political	bn	13.0
সমকামী বিবাহের বৈধতা প্রায়ই নির্বাচনের সময় একটি রাজনৈতিক ইস্যুতে পরিণত হয়, কারণ প্রার্থীরা তাদের প্ল্যাটফর্মে মন্তব্য করেন।	Political	bn	13.0
সমকামী বিবাহের আইনী অবস্থা একটি দেশের আন্তর্জাতিক অবস্থানকে প্রভাবিত করতে পারে, বিশেষ করে মানবাধিকার এবং LGBTQ+ বিষয়গুলির উপর তার অবস্থানের ক্ষেত্রে।	External Regulation and Reputation	bn	14.0
সমকামী বিয়ের কিছু বিরোধীরা দাবি করে যে এটি দেশের ভাবমূর্তি এবং অন্যান্য দেশের সাথে তার সম্পর্কের ক্ষতি করে।	External Regulation and Reputation	bn	14.0
সমকামী বিবাহ অন্যান্য অনেক সমস্যার সাথে জড়িত, যেমন দত্তক গ্রহণ এবং শিশুর হেফাজত, বৈষম্য এবং ঘৃণামূলক অপরাধ এবং স্বাস্থ্য বৈষম্য।	Other	bn	15.0
সমলিঙ্গের বিবাহ বিতর্ক জটিল এবং বহুমুখী এবং প্রায়ই বিভিন্ন স্বার্থ গোষ্ঠী এবং দৃষ্টিভঙ্গি জড়িত।	Other	bn	15.0
অভিবাসন অর্থনীতিতে ইতিবাচক এবং নেতিবাচক প্রভাব ফেলে, যদিও এটি কর্মসংস্থান এবং ভোগের মাধ্যমে অর্থনীতিতে অবদান রাখে, এটি জনসাধারণের সম্পদও ব্যবহার করে।	Economic	bn	1.0
কেউ কেউ যুক্তি দেন যে অর্থনৈতিক প্রবৃদ্ধির জন্য অভিবাসন প্রয়োজনীয়, বিশেষ করে শ্রম-দুষ্প্রাপ্য খাতে, অন্যরা যুক্তি দেয় যে এটি স্থানীয় শ্রমিকদের তাদের চাকরি হারায়।	Economic	bn	1.0
অভিবাসন জনসাধারণের সম্পদ যেমন স্বাস্থ্য, শিক্ষা এবং আবাসনের উপর চাপ সৃষ্টি করে, বিশেষ করে বড় অভিবাসী জনসংখ্যার এলাকায়।	Capacity and Resources	bn	2.0
কিন্তু কেউ কেউ যুক্তি দেন যে অভিবাসীরাও এমন দক্ষতা এবং ক্ষমতা নিয়ে আসে যা সমাজকে উপকৃত করে এবং এই সম্পদগুলির বিকাশে অবদান রাখে।	Capacity and Resources	bn	2.0
অভিবাসনের নৈতিকতা একটি বিতর্কিত বিষয়, কেউ কেউ যুক্তি দিয়েছিলেন যে যারা প্রয়োজন তাদের সুরক্ষা এবং সুযোগ প্রদান করা একটি নৈতিক বাধ্যতামূলক, যখন অন্যরা বিশ্বাস করে যে এটি অনথিভুক্ত অভিবাসীদের দেশে থাকার অনুমতি দেওয়া অনৈতিক।	Morality	bn	3.0
অভিবাসন নিয়ে বিতর্ক প্রায়ই ন্যায়বিচার ও সমতার ইস্যুকে ঘিরে থাকে। কেউ কেউ যুক্তি দেখান যে স্থানীয় জন্মগ্রহণকারী নাগরিকদের চেয়ে অভিবাসীদের চাহিদাকে অগ্রাধিকার দেওয়া অন্যায্য, অন্যরা যুক্তি দেয় যে অভিবাসীদের জাতীয়তা নির্বিশেষে সমান সুযোগ থাকা উচিত।	Fairness and Equality	bn	4.0
অভিবাসনের বৈধতা বিভিন্ন ধরনের অভিবাসন এবং ভিসা নিয়ন্ত্রণকারী বিভিন্ন আইন ও প্রবিধান সহ একটি জটিল সমস্যা।	Legality, Constitutionality, Jurisdiction	bn	5.0
কেউ কেউ বিশ্বাস করেন অভিবাসন নীতি অসাংবিধানিক বা অন্যায্য, আবার কেউ কেউ বিশ্বাস করেন যে এটি জাতীয় নিরাপত্তা কার্যকর করা এবং রক্ষা করা গুরুত্বপূর্ণ।	Legality, Constitutionality, Jurisdiction	bn	5.0
বিভিন্ন অভিবাসন নীতি এবং কর্মসূচির কার্যকারিতা একটি চলমান বিতর্ক কারণ বিভিন্ন স্টেকহোল্ডার অভিবাসন চ্যালেঞ্জ এবং সুযোগের বিভিন্ন সমাধানের প্রস্তাব করে।	Policy Prescription and Evaluation	bn	6.0
অভিবাসন নীতি এবং কর্মসূচি কার্যকর এবং ন্যায্য তা নিশ্চিত করার জন্য মূল্যায়ন গুরুত্বপূর্ণ।	Policy Prescription and Evaluation	bn	6.0
অভিবাসন এবং অপরাধের মধ্যে সম্পর্ক বিতর্কিত, কিছু যুক্তি দিয়ে যে অভিবাসীরা অপরাধ করার সম্ভাবনা বেশি এবং জননিরাপত্তার জন্য হুমকি সৃষ্টি করে, অন্যরা যুক্তি দেয় যে অভিবাসীদের স্থানীয় নাগরিকদের তুলনায় অপরাধ করার সম্ভাবনা কম।	Crime and Punishment	bn	7.0
জাতীয় নিরাপত্তা এবং জাতীয় নিরাপত্তার জন্য অভিবাসনের প্রভাব রয়েছে, বিশেষ করে অভিবাসীদের স্ক্রীনিং ও নিয়ন্ত্রণ করা এবং সম্ভাব্য হুমকির প্রবেশ রোধ করা।	Security and Defense	bn	8.0
কিন্তু কেউ কেউ যুক্তি দেন যে অতিমাত্রায় সীমাবদ্ধ অভিবাসন নীতি অন্যান্য দেশের সাথে সম্পর্কের ক্ষতি করতে পারে এবং সহযোগিতা ও উদ্ভাবনের সুযোগ সীমিত করতে পারে।	Security and Defense	bn	8.0
মাইগ্রেশন জনস্বাস্থ্য এবং নিরাপত্তার জন্য প্রভাব ফেলে, বিশেষ করে রোগের বিস্তার এবং স্বাস্থ্যসেবা অ্যাক্সেসের ক্ষেত্রে।	Health and Safety	bn	9.0
যাইহোক, কেউ কেউ যুক্তি দেন যে স্বাস্থ্যসেবা এবং সামাজিক পরিষেবার বিধান সামগ্রিক জনস্বাস্থ্য ফলাফল উন্নত করতে পারে এবং জরুরী পরিষেবাগুলির উপর চাপ কমাতে পারে।	Health and Safety	bn	9.0
অর্থনৈতিক অবস্থা, সামাজিক সংহতি এবং সাংস্কৃতিক পরিচয়ের মতো কারণের উপর নির্ভর করে অভিবাসন অভিবাসী এবং স্থানীয় নাগরিক উভয়ের জীবনমানের উপর ইতিবাচক এবং নেতিবাচক প্রভাব ফেলতে পারে।	Quality of Life	bn	10.0
কেউ কেউ যুক্তি দেন যে অভিবাসন বৈচিত্র্য এবং সাংস্কৃতিক বিনিময়কে উৎসাহিত করে, অন্যরা বিশ্বাস করে যে এটি সামাজিক ও অর্থনৈতিক বিভাজনের দিকে পরিচালিত করেছে।	Quality of Life	bn	10.0
অভিবাসন সাংস্কৃতিক পরিচয়ের উপর প্রভাব ফেলে, বিশেষ করে ভাষা, ঐতিহ্য এবং মূল্যবোধের ক্ষেত্রে।	Cultural Identity	bn	11.0
কেউ কেউ যুক্তি দেখান যে অভিবাসন সাংস্কৃতিক অভিজ্ঞতাকে সমৃদ্ধ ও বৈচিত্র্যময় করতে পারে, অন্যরা যুক্তি দেয় যে এটি জাতীয় পরিচয় এবং সামাজিক সংহতির পতন ঘটাতে পারে।	Cultural Identity	bn	11.0
অভিবাসন বিষয়ে জনমত মেরুকরণ করা হয়েছে, কেউ কেউ আরও অভিবাসনের পক্ষে সমর্থন প্রকাশ করে, অন্যরা আরও নিয়ন্ত্রণ এবং বিধিনিষেধের আহ্বান জানায়।	Public Sentiment	bn	12.0
মিডিয়া এবং রাজনীতিবিদরা অভিবাসীদের যেভাবে চিত্রিত করে তা জনমত এবং রাজনৈতিক সিদ্ধান্তকে প্রভাবিত করতে পারে।	Public Sentiment	bn	12.0
অভিবাসন একটি অত্যন্ত রাজনৈতিক ইস্যু, বিভিন্ন রাজনৈতিক দল এবং স্বার্থ গোষ্ঠী এই বিষয়ে বিভিন্ন অবস্থান গ্রহণ করে।	Political	bn	13.0
ইমিগ্রেশন বিতর্ক প্রায়ই নির্বাচনের সময় একটি রাজনৈতিক ইস্যুতে পরিণত হয়, প্রার্থীরা তাদের নিজস্ব প্ল্যাটফর্মে এই বিষয়ে অবস্থান নেয়।	Political	bn	13.0
কিভাবে একটি দেশ অভিবাসন পরিচালনা করে তার খ্যাতি এবং অন্যান্য দেশের সাথে সম্পর্ককে প্রভাবিত করতে পারে, বিশেষ করে যখন এটি মানবাধিকার এবং আন্তর্জাতিক আইনের ক্ষেত্রে আসে।	External Regulation and Reputation	bn	14.0
অভিবাসনের ধরণগুলিও বাহ্যিক চাপ এবং আন্তর্জাতিক সংস্থা ও চুক্তির নিয়ম দ্বারা প্রভাবিত হয়।	External Regulation and Reputation	bn	14.0
অভিবাসন সম্পর্কিত অন্যান্য সমস্যাগুলির মধ্যে রয়েছে পারিবারিক গতিশীলতার উপর প্রভাব, জনসংখ্যার প্রবণতা গঠনে অভিবাসীদের ভূমিকা এবং সমাজে অভিবাসীদের সাংস্কৃতিক বিনিময় এবং একীকরণ।	Other	bn	15.0
এই বিষয়গুলি দেশের সামাজিক, অর্থনৈতিক ও রাজনৈতিক গতিশীলতার উপর উল্লেখযোগ্য প্রভাব ফেলে।	Other	bn	15.0
স্থানীয় ব্যবসা ও পর্যটন বৃদ্ধি এবং রাষ্ট্রীয় কর রাজস্ব বৃদ্ধি করে সমকামী বিবাহ একটি ইতিবাচক অর্থনৈতিক প্রভাব ফেলতে পারে।	Economic	bn	1.0
বিরোধীরা দাবি করেন যে সমকামী বিবাহ ঐতিহ্যগত বিবাহ এবং পারিবারিক কাঠামোকে ব্যাহত করে এবং অর্থনীতিতে নেতিবাচক প্রভাব ফেলে।	Economic	bn	1.0
সমকামী বিবাহকে বৈধ করা সমকামী দম্পতিদের স্বাস্থ্যসেবা এবং পিতামাতার অধিকারের মতো সম্পদ এবং সুবিধাগুলিতে অ্যাক্সেস বৃদ্ধি করবে।	Capacity and Resources	bn	2.0
সমালোচকরা যুক্তি দেন যে সমকামী বিবাহের জন্য সম্পদ এবং ক্ষমতা প্রয়োজন কারণ এর জন্য আইনি কাঠামো এবং প্রতিষ্ঠানের পরিবর্তন প্রয়োজন।	Capacity and Resources	bn	2.0
সমকামী বিবাহের সমর্থকরা যুক্তি দেন যে যৌন অভিমুখ নির্বিশেষে সকল মানুষের সমান অধিকার এবং মর্যাদাকে স্বীকৃতি দেওয়া একটি নৈতিক বাধ্যতামূলক।	Morality	bn	3.0
বিরোধীরা যুক্তি দেয় যে সমকামী বিবাহ অনৈতিক এবং ঐতিহ্যগত ধর্মীয় ও সাংস্কৃতিক মূল্যবোধকে লঙ্ঘন করে।	Morality	bn	3.0
সমকামী বিবাহ LGBTQ+ লোকেদের জন্য একটি গুরুত্বপূর্ণ ন্যায়বিচার এবং সমতার সমস্যা হিসাবে বিবেচিত হয়, যা বিষমকামী দম্পতিদের মতো একই আইনি অধিকার এবং সুরক্ষা প্রদান করে।	Fairness and Equality	bn	4.0
সমালোচকরা যুক্তি দেন যে সমকামী বিবাহ একটি সমতা সমস্যা নয় কারণ এটি বিবাহের ঐতিহ্যগত সংজ্ঞার একটি পুনঃসংজ্ঞা প্রয়োজন।	Fairness and Equality	bn	4.0
সাংবিধানিক ব্যাখ্যা এবং বিচারিক মতামত ভিন্ন আদালত এবং সরকারগুলির সাথে সমকামী বিবাহের বৈধতা নিয়ে বিতর্ক হয়েছে৷	Legality, Constitutionality, Jurisdiction	bn	5.0
বিরোধীরা যুক্তি দেন যে সমকামী বিবাহকে বৈধ করা উচিত নয় কারণ সংবিধান বা নজির স্পষ্টভাবে সমকামী বিবাহকে বাধ্যতামূলক করে না।	Legality, Constitutionality, Jurisdiction	bn	5.0
সমকামী বিবাহের নীতি সেটিং রাজনৈতিক এবং সাংস্কৃতিক কারণ অনুযায়ী পরিবর্তিত হয়। কিছু দেশ এটিকে বৈধ করে যখন অন্যরা এটি নিষিদ্ধ করে।	Policy Prescription and Evaluation	bn	6.0
সমকামী বিবাহের সামাজিক এবং ব্যক্তিগত প্রভাব মূল্যায়ন একটি চলমান প্রক্রিয়া, গবেষণা ইতিবাচক এবং নেতিবাচক উভয় ফলাফলই দেখায়।	Policy Prescription and Evaluation	bn	6.0
কিছু বিচারব্যবস্থা সমকামী বিবাহকে অপরাধী করে, এবং ব্যক্তিরা সমকামী সম্পর্কের জন্য আইনি নিষেধাজ্ঞা বা সামাজিক বিচারের সম্মুখীন হয়।	Crime and Punishment	bn	7.0
সমকামী বিবাহকে বৈধ করার প্রচেষ্টাকে প্রায়ই যৌন অভিমুখের উপর ভিত্তি করে বৈষম্য এবং শাস্তির অবসানের উপায় হিসাবে দেখা হয়।	Crime and Punishment	bn	7.0
সমকামী বিবাহ জাতীয় নিরাপত্তা এবং মানবাধিকার এজেন্ডা, বিশেষ করে আন্তর্জাতিক সম্পর্ক ও কূটনীতির প্রেক্ষাপটে এগিয়ে যাওয়ার হাতিয়ার হিসেবে ব্যবহৃত হয়েছে।	Security and Defense	bn	8.0
সমালোচকরা বিশ্বাস করেন যে সমকামী বিবাহ বিবাহের প্রতিষ্ঠান এবং পরিবারকে দুর্বল করে এবং নেতিবাচকভাবে জাতীয় নিরাপত্তা এবং সামাজিক স্থিতিশীলতাকে প্রভাবিত করে।	Security and Defense	bn	8.0
সমকামী বিবাহকে বৈধ করা LGBTQ+ লোকেদের স্বাস্থ্যসেবা, বীমা এবং আইনি সুরক্ষার অ্যাক্সেস দিয়ে তাদের স্বাস্থ্য এবং নিরাপত্তা উন্নত করতে পারে।	Health and Safety	bn	9.0
বিরোধীরা দাবি করে যে সমলিঙ্গের বিবাহ ব্যক্তি এবং জনস্বাস্থ্যের জন্য ক্ষতিকর, যা রোগের বিস্তার এবং অন্যান্য নেতিবাচক ফলাফলের দিকে পরিচালিত করে।	Health and Safety	bn	9.0
LGBTQ+-এর আইনি ও সামাজিক স্বীকৃতির কারণে, LGBTQ+ মানুষের জীবনযাত্রার মান উন্নয়নে সমকামী বিবাহকে একটি গুরুত্বপূর্ণ কারণ হিসেবে বিবেচনা করা হয়।	Quality of Life	bn	10.0
সমালোচকরা যুক্তি দেন যে সমলিঙ্গের বিবাহ ঐতিহ্যগত মূল্যবোধ এবং কাঠামোকে ক্ষুণ্ন করে, নেতিবাচকভাবে ব্যক্তি এবং সমাজের জীবনযাত্রার মানকে প্রভাবিত করে।	Quality of Life	bn	10.0
সমকামী বিবাহকে LGBTQ+ সাংস্কৃতিক পরিচয়ের একটি মূল বিষয় হিসাবে বিবেচনা করা হয়, কারণ এটি সমাজে তাদের অস্তিত্ব এবং অধিকারের মৌলিক স্বীকৃতির প্রতিনিধিত্ব করে।	Cultural Identity	bn	11.0
বিরোধীরা যুক্তি দেন যে সমলিঙ্গের বিয়ে ঐতিহ্যগত সাংস্কৃতিক পরিচয় ও মূল্যবোধকে হুমকির মুখে ফেলে এবং সামাজিক ও নৈতিক অবক্ষয়ের দিকে নিয়ে যেতে পারে।	Cultural Identity	bn	11.0
সময়ের সাথে সাথে, সমকামী বিবাহের বিষয়ে জনমতও গড়ে উঠেছে এবং আরও বেশি সংখ্যক দেশ এবং অঞ্চল সমকামী বিবাহকে গ্রহণ ও সমর্থন করে।	Public Sentiment	bn	12.0
সমকামী বিবাহকে বৈধ করার ড্রাইভ প্রায়ই জনসাধারণের অনুভূতি দ্বারা চালিত হয়, রাজনীতিবিদ এবং সংস্থাগুলি পরিবর্তনশীল মনোভাব এবং ধারণাগুলির প্রতি প্রতিক্রিয়া জানায়।	Public Sentiment	bn	12.0
সমকামী বিবাহের বিষয়টি প্রায়শই রাজনৈতিক হয়, রাজনৈতিক দল এবং রাজনীতিবিদরা তাদের মূল্যবোধ এবং মতাদর্শের উপর নির্ভর করে বিভিন্ন অবস্থান গ্রহণ করে।	Political	bn	13.0
LGBTQ+ অধিকার কর্মীদের জন্য সমকামী বিবাহকে বৈধতা দেওয়া একটি প্রধান রাজনৈতিক সমস্যা হয়ে দাঁড়িয়েছে, যারা এটিকে বৃহত্তর সামাজিক এবং আইনি সমতা অর্জনের উপায় হিসেবে দেখেন।	Political	bn	13.0
সমকামী বিবাহকে প্রায়শই সামাজিক অগ্রগতি এবং মানবাধিকারের প্রতি দেশের প্রতিশ্রুতির একটি পরিমাপ হিসাবে দেখা হয়, তবে আন্তর্জাতিক গোষ্ঠী এবং মিত্ররা এটিকে বৈধ করার জন্য সরকারকে চাপ দিচ্ছে।	External Regulation and Reputation	bn	14.0
বিরোধীরা যুক্তি দেয় যে সমকামী বিবাহকে বৈধ করার বাইরের চাপ জাতীয় সার্বভৌমত্ব এবং সাংস্কৃতিক মূল্যবোধকে লঙ্ঘন করে।	External Regulation and Reputation	bn	14.0
সমকামী বিবাহ একটি অত্যন্ত বিতর্কিত এবং মানসিক সমস্যা যেখানে উভয় পক্ষের ব্যক্তি এবং গোষ্ঠী তাদের বিশ্বাস এবং মূল্যবোধের জন্য লড়াই করে।	Other	bn	15.0
সমলিঙ্গের বিবাহ বিতর্ক জটিল এবং বহুমুখী এবং পরিচয়, মূল্যবোধ এবং ক্ষমতার চারপাশে বৃহত্তর সামাজিক ও সাংস্কৃতিক উত্তেজনা প্রতিফলিত করে।	Other	bn	15.0
অভিবাসনের ইতিবাচক এবং নেতিবাচক উভয় অর্থনৈতিক প্রভাব রয়েছে, কিছু যুক্তি দিয়ে যে এটি মূল্যবান শ্রম এবং দক্ষতা নিয়ে আসে, অন্যরা যুক্তি দেয় যে এটি মজুরি হ্রাস করে এবং সামাজিক পরিষেবাগুলিকে আঘাত করে।	Economic	bn	1.0
অনেক কোম্পানি অভিবাসী শ্রমিকদের উপর নির্ভর করে, বিশেষ করে কৃষি, আতিথেয়তা এবং নির্মাণের মতো শিল্পে।	Economic	bn	1.0
অভিবাসন একটি দেশের অবকাঠামো এবং সংস্থানগুলির উপর চাপ সৃষ্টি করে, যেমন আবাসন, পরিবহন এবং স্বাস্থ্যসেবা, বিশেষত পরিষেবার উচ্চ চাহিদা রয়েছে এমন এলাকায়।	Capacity and Resources	bn	2.0
অনেক দেশ তাদের সম্পদ এবং সহায়তা প্রদানের ক্ষমতার ভিত্তিতে অভিবাসীদের গ্রহণ করতে পারে এমন সংখ্যা সীমিত করে।	Capacity and Resources	bn	2.0
কেউ কেউ অভিবাসনকে একটি নৈতিক বাধ্যবাধকতা হিসাবে দেখেন যারা প্রয়োজনে সাহায্য করেন, বিশেষ করে শরণার্থীরা তাদের নিজের দেশে সহিংসতা বা নিপীড়ন থেকে পালিয়ে যায়।	Morality	bn	3.0
অন্যরা যুক্তি দেখান যে অভিবাসীদের অবৈধভাবে প্রবেশের অনুমতি দেওয়া বা অভিবাসী শ্রমিকদের শোষণ করা অনৈতিক।	Morality	bn	3.0
অনেকে যুক্তি দেয় যে অভিবাসন নীতি ন্যায়বিচার ও সমতার নীতির উপর ভিত্তি করে হওয়া উচিত এবং অভিবাসীদের সাথে মর্যাদা ও সম্মানের সাথে আচরণ করা উচিত।	Fairness and Equality	bn	4.0
অন্যরা যুক্তি দেয় যে নাগরিকদের চেয়ে অভিবাসীদের অগ্রাধিকার দেওয়া অন্যায্য এবং অন্যায্য।	Fairness and Equality	bn	4.0
অভিবাসন নীতি আইনগত এবং সাংবিধানিক চ্যালেঞ্জের সম্মুখীন, বিশেষ করে নাগরিকত্ব, নির্বাসন এবং আশ্রয়কে ঘিরে।	Legality, Constitutionality, Jurisdiction	bn	5.0
স্থানীয়, রাজ্য এবং ফেডারেল সরকার অভিবাসন নীতিতে ভূমিকা পালন করে অনেক দেশের বিচার বিভাগের পার্থক্য রয়েছে।	Legality, Constitutionality, Jurisdiction	bn	5.0
অভিবাসন নীতি প্রায়শই নীতি প্রণয়ন এবং মূল্যায়ন দ্বারা নির্ধারিত হয়, যেখানে বিশেষজ্ঞ এবং নীতি নির্ধারকরা বিভিন্ন পদ্ধতির খরচ এবং সুবিধার ওজন করেন।	Policy Prescription and Evaluation	bn	6.0
কেউ কেউ যুক্তি দেন যে কৌশলটি প্রমাণ-ভিত্তিক এবং ডেটা-চালিত হওয়া উচিত, অন্যরা তাত্ত্বিক বা রাজনৈতিক কারণের উপর জোর দেয়।	Policy Prescription and Evaluation	bn	6.0
অভিবাসন নীতি প্রায়শই অপরাধ এবং শাস্তির বিষয়গুলির সাথে যুক্ত থাকে এবং কেউ কেউ যুক্তি দেন যে অভিবাসীদের অপরাধ করার সম্ভাবনা বেশি এবং তাদের কঠোর প্রয়োগের বিষয় হওয়া উচিত।	Crime and Punishment	bn	7.0
অন্যরা যুক্তি দেখান যে অভিবাসীরা অন্যায়ভাবে লক্ষ্যবস্তু করা হয় এবং নীতিগুলি অপরাধ হ্রাস এবং সমস্ত বাসিন্দাদের জন্য জননিরাপত্তার উন্নতিতে ফোকাস করা উচিত।	Crime and Punishment	bn	7.0
অভিবাসন নীতি দেশের নিরাপত্তা ও প্রতিরক্ষাকে প্রভাবিত করে, বিশেষ করে সীমান্ত নিয়ন্ত্রণ এবং জাতীয় পরিচয় সংক্রান্ত সমস্যাগুলির ক্ষেত্রে।	Security and Defense	bn	8.0
কেউ কেউ অভিবাসনকে জাতীয় নিরাপত্তার জন্য হুমকি হিসেবে দেখেন, আবার কেউ কেউ একে বহুত্ববাদী ও বহুসংস্কৃতির সমাজ বজায় রাখার জন্য প্রয়োজনীয় হিসেবে দেখেন।	Security and Defense	bn	8.0
অভিবাসন নীতির জনস্বাস্থ্য এবং নিরাপত্তার জন্য প্রভাব রয়েছে, বিশেষ করে রোগ নিয়ন্ত্রণ এবং জরুরী প্রতিক্রিয়া সংক্রান্ত সমস্যাগুলির ক্ষেত্রে।	Health and Safety	bn	9.0
কেউ কেউ যুক্তি দেন যে অভিবাসন নীতি জনস্বাস্থ্য এবং সুরক্ষাকে অগ্রাধিকার দেওয়া উচিত, অন্যরা যুক্তি দেয় যে নীতিটি অভিবাসী এবং শরণার্থীদের চাহিদাকে অগ্রাধিকার দেওয়া উচিত।	Health and Safety	bn	9.0
অভিবাসন নীতিগুলি অভিবাসী এবং নাগরিকদের জীবনযাত্রার মানকে প্রভাবিত করে, বিশেষ করে সামাজিক সংহতি, শিক্ষা এবং কর্মসংস্থানের ক্ষেত্রে।	Quality of Life	bn	10.0
কেউ কেউ যুক্তি দেন যে অভিবাসন বিভিন্ন দৃষ্টিভঙ্গি এবং দক্ষতা প্রদানের মাধ্যমে জীবনের মান উন্নত করে, অন্যরা যুক্তি দেয় যে এটি সামাজিক উত্তেজনা এবং সংঘাত সৃষ্টি করে।	Quality of Life	bn	10.0
অভিবাসন নীতি প্রায়ই সাংস্কৃতিক পরিচয়ের প্রশ্নের সাথে যুক্ত থাকে এবং কেউ কেউ অভিবাসনকে জাতীয় পরিচয় এবং সাংস্কৃতিক ঐতিহ্যের জন্য হুমকি হিসেবে দেখেন।	Cultural Identity	bn	11.0
অন্যরা যুক্তি দেখান যে সাংস্কৃতিক পরিচয় ক্রমাগত বিকশিত হচ্ছে এবং অভিবাসন সাংস্কৃতিক অভিব্যক্তিকে সমৃদ্ধ ও বৈচিত্র্যময় করতে পারে।	Cultural Identity	bn	11.0
অভিবাসন নীতি প্রায়ই জনসাধারণের অনুভূতি এবং অভিবাসনের প্রতি দৃষ্টিভঙ্গি দ্বারা নির্ধারিত হয়, কিছু কঠোর নিষেধাজ্ঞার সমর্থন করে এবং অন্যরা বৃহত্তর নীতির পক্ষে।	Public Sentiment	bn	12.0
পাবলিক সেন্টিমেন্ট মিডিয়া কভারেজ, রাজনৈতিক বক্তৃতা এবং ব্যক্তিগত অভিজ্ঞতা সহ অনেক কারণ দ্বারা প্রভাবিত হয়।	Public Sentiment	bn	12.0
অভিবাসন নীতি প্রায়শই রাজনৈতিক মতামত দ্বারা প্রভাবিত হয়, বিভিন্ন রাজনৈতিক দল এবং স্বার্থ গোষ্ঠী তাদের মূল্যবোধ এবং আদর্শের উপর নির্ভর করে বিভিন্ন অবস্থান গ্রহণ করে।	Political	bn	13.0
অভিবাসন নীতি একটি পৃথক রাজনৈতিক ইস্যু হতে পারে, যা রাজনীতিবিদরা তাদের ভিত্তিকে একত্রিত করতে এবং বিভিন্ন জনসংখ্যার ভোটারদের কাছে আবেদন করতে ব্যবহার করেন।	Political	bn	13.0
অভিবাসন নীতিগুলি একটি দেশের বাহ্যিক নিরীক্ষণ এবং সুনামকে প্রভাবিত করতে পারে, বিশেষ করে মানবাধিকার এবং আন্তর্জাতিক আইনের ক্ষেত্রে।	External Regulation and Reputation	bn	14.0
কেউ কেউ যুক্তি দেন যে অভিবাসন একটি দেশের সাংস্কৃতিক পরিচয়কে হুমকির মুখে ফেলে কারণ এটি নতুন রীতিনীতি এবং বিশ্বাসের প্রবর্তন করে। অন্যরা অবশ্য যুক্তি দেয় যে বৈচিত্র্য একটি সমাজের সংস্কৃতিকে সমৃদ্ধ করে এবং উদযাপন করা উচিত।	Cultural Identity	bn	11.0
এটা গুরুত্বপূর্ণ যে অভিবাসীরা যে দেশে যায় তাদের সাংস্কৃতিক পরিচয় বোঝা এবং সম্মান করা, সেইসাথে তাদের অনন্য সাংস্কৃতিক ঐতিহ্য সংরক্ষণ ও শেয়ার করা।	Cultural Identity	bn	11.0
অভিবাসন সম্পর্কে জনসাধারণের ধারণা অবস্থান এবং প্রেক্ষাপট অনুসারে পরিবর্তিত হয়। কিছু অঞ্চলে, অভিবাসীদের স্বাগত জানানো হয় এবং তারা সম্প্রদায়কে যে পরিষেবাগুলি প্রদান করে তার জন্য মূল্যবান, অন্য অঞ্চলে লোকেরা অভিবাসীদের তাদের চাকরি বা সংস্থান কেড়ে নেওয়ার ভয় বা বিরক্ত করতে পারে।	Public Sentiment	bn	12.0
মিডিয়া অভিবাসীদের প্রতি জনসাধারণের দৃষ্টিভঙ্গি গঠনে ভূমিকা পালন করে, অভিবাসী অপরাধ সম্পর্কে চাঞ্চল্যকর গল্প অভিবাসীদের প্রতি নেতিবাচক মনোভাব প্রচার করে।	Public Sentiment	bn	12.0
অভিবাসন নীতি প্রায়ই রাজনৈতিকভাবে উদ্দেশ্যপ্রণোদিত হয়, রাজনীতিবিদরা তাদের সমর্থকদের কাছে আবেদন করে বা অভিবাসনের বিষয়ে কঠোর অবস্থান গ্রহণ করে ভোট জেতার চেষ্টা করে।	Political	bn	13.0
আন্তর্জাতিক সম্পর্কও একটি দেশের অভিবাসন নীতিকে প্রভাবিত করতে পারে, কূটনৈতিক বিবেচনা এবং চুক্তিগুলি অভিবাসীদের প্রবাহকে প্রভাবিত করে।	Political	bn	13.0
জাতিসংঘ এবং ইউরোপীয় ইউনিয়নের মতো আন্তর্জাতিক সংস্থা এবং চুক্তিগুলি অভিবাসন নীতি নিয়ন্ত্রণ এবং গঠনে ভূমিকা পালন করে।	External Regulation and Reputation	bn	14.0
অভিবাসীদের জন্য একটি স্বাগত বা প্রতিকূল জায়গা হিসাবে একটি দেশের খ্যাতির গুরুত্বপূর্ণ অর্থনৈতিক ও রাজনৈতিক প্রভাব রয়েছে যা পর্যটন, বাণিজ্য এবং কূটনৈতিক সম্পর্ককে প্রভাবিত করে।	External Regulation and Reputation	bn	14.0
অভিবাসন একটি দেশের উপর ইতিবাচক এবং নেতিবাচক উভয় অর্থনৈতিক প্রভাব ফেলতে পারে, উদাহরণস্বরূপ সস্তা শ্রম প্রদান এবং চাকরি ও সম্পদের জন্য প্রতিযোগিতা বৃদ্ধি করে।	Economic	bn	1.0
অভিবাসীদের গ্রহণ এবং সমর্থন করার ক্ষমতা একটি দেশের আবাসন, শিক্ষা, স্বাস্থ্যসেবা এবং অন্যান্য সম্পদের ক্ষমতা দ্বারা সীমিত।	Capacity and Resources	bn	2.0
অভিবাসন সম্পর্কে নৈতিক বিবেচনার মধ্যে রয়েছে অভিবাসীদের অধিকার এবং তাদের প্রতি আয়োজক দেশগুলির দায়িত্ব সম্পর্কে প্রশ্ন।	Morality	bn	3.0
অভিবাসন নীতি অবশ্যই ন্যায্য এবং ন্যায্য হতে হবে, সকল অভিবাসীদের জন্য ন্যায্য এবং সমান সুযোগ প্রদান করবে।	Fairness and Equality	bn	4.0
অভিবাসন আইন এবং নীতিগুলি অবশ্যই আইনি এবং সাংবিধানিক নীতিগুলি মেনে চলতে হবে এবং সেগুলি প্রয়োগ করার দায়িত্ব সরকারের।	Legality, Constitutionality, Jurisdiction	bn	5.0
কার্যকর অভিবাসন নীতির জন্য উদ্দেশ্য, প্রভাব এবং বাস্তবায়ন কৌশলগুলির যত্ন সহকারে বিবেচনা এবং বিবেচনার প্রয়োজন।	Policy Prescription and Evaluation	bn	6.0
অভিবাসন সীমান্ত নিরাপত্তা এবং অভিবাসন-সম্পর্কিত অপরাধমূলক কার্যকলাপ সহ অপরাধ এবং অপরাধমূলক বিষয়ের সাথে যুক্ত হতে পারে।	Crime and Punishment	bn	7.0
অভিবাসন নীতির প্রভাব রয়েছে জাতীয় নিরাপত্তা এবং প্রতিরক্ষার জন্য, যার মধ্যে রয়েছে সন্ত্রাসী গোষ্ঠীর সম্ভাব্য হুমকি এবং ভূ-রাজনৈতিক সংঘাত।	Security and Defense	bn	8.0
অভিবাসী এবং হোস্ট সম্প্রদায়ের স্বাস্থ্য এবং নিরাপত্তাকে অভিবাসন নীতিতে বিবেচনা করা উচিত, যার মধ্যে রোগ নিয়ন্ত্রণ এবং স্বাস্থ্যবিধির মতো বিষয়গুলি অন্তর্ভুক্ত রয়েছে।	Health and Safety	bn	9.0
অভিবাসন অভিবাসী এবং হোস্ট উভয় সম্প্রদায়ের জীবনযাত্রার মানকে প্রভাবিত করে, সামাজিক সংহতি, জনসেবা এবং সাংস্কৃতিক অন্তর্ভুক্তিকে প্রভাবিত করে।	Quality of Life	bn	10.0
বৈচিত্র্য এবং সামাজিক সংহতির উপর ইতিবাচক এবং নেতিবাচক প্রভাব সহ অভিবাসন দেশ এবং তাদের জনগণের সাংস্কৃতিক পরিচয়কে আকার দেয়।	Cultural Identity	bn	11.0
অভিবাসন সম্পর্কে জনসাধারণের মনোভাব এবং উপলব্ধির গুরুত্বপূর্ণ রাজনৈতিক ও সামাজিক পরিণতি রয়েছে।	Public Sentiment	bn	12.0
অভিবাসন নীতি প্রায়ই রাজনৈতিক বিবেচনা যেমন নির্বাচনী কৌশল এবং দলীয় আদর্শ দ্বারা প্রভাবিত হয়।	Political	bn	13.0
আন্তর্জাতিক সংস্থা এবং চুক্তিগুলি অভিবাসন নীতি গঠন ও নিয়ন্ত্রণে ভূমিকা পালন করে, যা একটি দেশের খ্যাতি এবং বিশ্বব্যাপী অবস্থানকে প্রভাবিত করে।	External Regulation and Reputation	bn	14.0
সমকামী বিবাহ একটি নৈতিক এবং নৈতিক বিষয় এবং যৌন অভিমুখের কারণে কাউকে বিবাহ করার অধিকার অস্বীকার করা বৈষম্যমূলক এবং অন্যায্য।	Morality	bn	3.0
যৌন অভিমুখী নির্বিশেষে সকল মানুষেরই বিষমকামী দম্পতিদের মতো একই আইনি অধিকার এবং সুরক্ষার সাথে বিবাহ করার অধিকার থাকা উচিত।	Fairness and Equality	bn	4.0
যৌন প্রবৃত্তির কারণে লোকেদের তাদের বিবাহের অধিকার অস্বীকার করা অন্যায্য এবং অনৈতিক।	Morality	bn	3.0
যৌন অভিমুখী নির্বিশেষে সকল মানুষেরই বিষমকামী দম্পতিদের মতো একই আইনি অধিকার এবং সুরক্ষার সাথে বিবাহ করার অধিকার থাকা উচিত।	Fairness and Equality	bn	4.0
বিশ্বের অনেক অংশে সময়ের সাথে সাথে সমকামী বিবাহের প্রতি গ্রহণযোগ্যতা এবং দৃষ্টিভঙ্গি পরিবর্তিত হয়েছে, তবে উল্লেখযোগ্য সাংস্কৃতিক এবং সামাজিক বাধাগুলি অতিক্রম করা বাকি রয়েছে।	Public Sentiment	bn	12.0
সমকামী বিবাহ নীতি এবং আইন সমাজের উপর উল্লেখযোগ্য প্রভাব ফেলে এবং তাদের প্রভাব মূল্যায়ন করা এবং ন্যায্যতা ও সমতা নিশ্চিত করার জন্য প্রয়োজনীয় পরিবর্তন করা গুরুত্বপূর্ণ।	Policy Prescription and Evaluation	bn	6.0
সমকামী বিবাহকে বৈধ করার অর্থনৈতিক সুবিধা রয়েছে কারণ এটি পর্যটনকে বাড়িয়ে তোলে এবং বিবাহ শিল্পে নতুন কাজের সুযোগ তৈরি করে।	Economic	bn	1.0
যদিও সমলিঙ্গের বিবাহ লিঙ্গ ভূমিকা এবং সামাজিক নিয়ম সম্পর্কে ঐতিহ্যগত ধারণাকে চ্যালেঞ্জ করতে পারে, কেউ কেউ বিশ্বাস করেন যে এটি আরও বৈচিত্র্যময় এবং গ্রহণযোগ্য সাংস্কৃতিক পরিচয় প্রচার করতে সহায়তা করে।	Cultural Identity	bn	11.0
সমকামী দম্পতিদের বিবাহের অধিকার অস্বীকার করা তাদের স্বাস্থ্য এবং মঙ্গলকে নেতিবাচকভাবে প্রভাবিত করে, কারণ তারা বৈষম্যের সম্মুখীন হয় এবং গুরুত্বপূর্ণ আইনি ও অর্থনৈতিক সুরক্ষায় অ্যাক্সেসের অভাব রয়েছে।	Health and Safety	bn	9.0
সমকামী বিবাহ বিতর্ক অনেক দেশে একটি গুরুত্বপূর্ণ রাজনৈতিক সমস্যা যেখানে রাজনৈতিক দল এবং রাজনীতিবিদরা তাদের বিশ্বাস এবং ভোটারদের মতামতের উপর নির্ভর করে বিভিন্ন অবস্থান গ্রহণ করেন।	Political	bn	13.0
সমকামী বিবাহের বৈধতা হল LGBTQ+ সম্প্রদায়ের জন্য সমতার দিকে একটি গুরুত্বপূর্ণ পদক্ষেপ এবং তারা বিষমকামী দম্পতিদের মতো একই অধিকার এবং সুযোগগুলি নিশ্চিত করে৷	Fairness and Equality	bn	4.0
অনেকের জন্য, সমকামী বিবাহ একটি নৈতিক সমস্যা, কেউ কেউ বলে যে এটি ঐতিহ্যগত মূল্যবোধের বিরুদ্ধে যায়, অন্যরা জোর দেয় যে এটি লিঙ্গ নির্বিশেষে প্রেম এবং সাহচর্য উদযাপন করে।	Morality	bn	3.0
সমকামী দম্পতিদের বিবাহের অধিকার অস্বীকার করা সমতা এবং অ-বৈষম্যের মতো মৌলিক মানবাধিকারের সুস্পষ্ট লঙ্ঘন।	Fairness and Equality	bn	4.0
সমকামী বিবাহ দম্পতিদের গুরুত্বপূর্ণ স্বাস্থ্য সুবিধা প্রদান করে, যার মধ্যে রয়েছে: B. চিকিৎসা সুবিধা, বীমা কভারেজ এবং অসুস্থতা বা জরুরী পরিস্থিতিতে প্রয়োজনীয় চিকিৎসা সেবার অ্যাক্সেস।	Health and Safety	bn	9.0
নাম প্রকাশ না করার শর্তে রাষ্ট্রপতি বিডেন সোমবার পরিকল্পনা ঘোষণা করার আগে খসড়া বাজেটের সাথে পরিচিত একজন কর্মকর্তা অর্থায়নের অনুরোধের বিশদ সরবরাহ করেছিলেন।	Capacity and Resources	bn	2.0
হোমল্যান্ড সিকিউরিটি বিভাগের মধ্যে ERO, OPR, এবং অন্যান্য নিয়ন্ত্রক সংস্থাগুলির সাথে সহযোগিতায় শর্তগুলি অনুকূল কিনা তা নিশ্চিত করার জন্য ICE পৃথক আটক সুবিধাগুলি পর্যবেক্ষণ করা চালিয়ে যাবে৷	Capacity and Resources	bn	2.0
দুই সহ-ষড়যন্ত্রকারীকে অভিযুক্ত করার জন্য বিচার বিভাগকে রাজি করাতে HSI FBI-এর সাথে কাজ করেছিল।	Capacity and Resources	bn	2.0
ICE হেফাজতে থাকা অনাগরিকদের জন্য সুবিধা সম্মতি, ফিল্ড মনিটরিং এবং আটক সুবিধা কেনার মাধ্যমে একটি নিরাপদ পরিবেশ প্রদান করতে ERO-এর 25টি ফিল্ড অফিসের সাথে আটক ব্যবস্থাপনার সমন্বয় করে।	Capacity and Resources	bn	2.0
25 ইআরও ফিল্ড অফিস সারা দেশে ইভেশন অ্যাকশন প্ল্যান মিশনকে সমর্থন করে এমন পরিকল্পনা এবং পদ্ধতিগুলি বিকাশ, বাস্তবায়ন এবং পর্যবেক্ষণের মাধ্যমে কর ফাঁকি কার্যক্রমের লজিস্টিক এবং অপারেশনাল সহায়তার সুবিধা দেয়।	Capacity and Resources	bn	2.0
এই কেন্দ্রগুলি অ-নাগরিকদের জন্য বুদ্ধিমত্তা-ভিত্তিক নির্বাসন টিপস তৈরি করতে প্রযুক্তিগত দক্ষতা, বিশ্লেষণমূলক সরঞ্জাম এবং আইন প্রয়োগকারী দক্ষতা ব্যবহার করে।	Capacity and Resources	bn	2.0
তথ্য সংগ্রহ, বিশ্লেষণ, এবং প্রযুক্তি এবং প্রক্রিয়া উন্নতির মাধ্যমে, LESA ICE সিদ্ধান্ত গ্রহণ এবং পরিকল্পনাকে সমর্থন করার জন্য সরঞ্জাম, গবেষণা এবং সুপারিশ প্রদান করে।	Capacity and Resources	bn	2.0
ইন্টারএজেন্সি এবং ইন্টারএজেন্সি স্টেকহোল্ডার, বিদেশী দূতাবাস এবং কনস্যুলেট এবং আন্তর্জাতিক অংশীদারদের সাথে কাজ করে, বিভাগটি নির্বাসনের অপেক্ষায় থাকা অ-মার্কিন নাগরিকদের জন্য নির্বাসন কৌশল তৈরি করে এবং প্রয়োগ করে।	Capacity and Resources	bn	2.0
আমরা সার্বজনীন মানবাধিকার নীতি এবং অভিবাসী ও উদ্বাস্তুদের সুরক্ষা সমর্থন করি এবং জলবায়ু পরিবর্তন সহ অভিবাসনের মূল কারণগুলি মোকাবেলায় বহুপাক্ষিক পদক্ষেপের আহ্বান জানাই।	Capacity and Resources	bn	2.0
একটি অলাভজনক সংস্থা যা PA, রাজ্য এবং প্রোগ্রামের যোগ্যতার মান পূরণ করে এবং CDSS এর পক্ষ থেকে মনোনীত প্রোগ্রাম এবং প্রোগ্রাম তহবিল পরিচালনা করার প্রশাসনিক ক্ষমতা রয়েছে৷	Capacity and Resources	bn	2.0
আপনি যদি কোনো অভিবাসন কর্মকর্তার অনুমোদন বা প্যারোল ছাড়াই মার্কিন যুক্তরাষ্ট্রে থাকেন, তাহলে অনুমতি বা প্যারোল ছাড়াই আপনি দেশে প্রবেশ করার তারিখ থেকে আপনার বেআইনি উপস্থিতি শুরু হয়।	Crime and Punishment	bn	7.0
সাধারণত, আপনি যদি মার্কিন যুক্তরাষ্ট্রে ভর্তি হয়ে থাকেন বা কোনো অভিবাসন কর্মকর্তার দ্বারা আটক হয়ে থাকেন, তাহলে আপনি যে তারিখে যাওয়ার পরিকল্পনা করছেন তার সঠিক তারিখ সহ আপনি একটি ফর্ম Iâ94, আগমন/প্রচেষ্টার রেকর্ড পাবেন।	Crime and Punishment	bn	7.0
স্বেচ্ছায় অপসারণ সহ নির্বাসনের প্রক্রিয়া শুরু হওয়ার পরে আপনি যদি মার্কিন যুক্তরাষ্ট্র ছেড়ে যান, তাহলে অভিবাসন পর্যালোচনার প্রশাসনিক অফিসকে অবহিত করা আপনার দায়িত্ব।	Crime and Punishment	bn	7.0
আপনি DHS অপসারণ শুরু করার আগে, চলাকালীন বা পরে চলে গেলেও 10 বছরের লাইন প্রযোজ্য।	Crime and Punishment	bn	7.0
অতএব, আপনি স্থায়ীভাবে ভর্তি না হলেও মার্কিন যুক্তরাষ্ট্রে প্রবেশের অনুমতির জন্য পুনরায় আবেদন করতে পারেন, কিন্তু শুধুমাত্র যদি আপনি আপনার শেষ প্রস্থানের পর অন্তত 10 বছর ধরে মার্কিন যুক্তরাষ্ট্রে শারীরিকভাবে উপস্থিত না থাকেন।	Crime and Punishment	bn	7.0
আপনি যে অভিবাসন সুবিধাগুলির জন্য আবেদন করছেন তার উপর নির্ভর করে, আইন আপনাকে অগ্রহণযোগ্য হিসাবে অযোগ্য ঘোষণা করতে পারে।	Crime and Punishment	bn	7.0
"সনাক্তকরণের সুবিধার্থে এবং ফাইলের নিষ্পত্তিতে বিলম্ব এড়াতে আপনাকে অবশ্যই ""সংবিধিবদ্ধ তিন বা দশ বছরের মধ্যে মার্কিন যুক্তরাষ্ট্রে ফিরে এসেছেন"" লিখতে হবে।"	Crime and Punishment	bn	7.0
অভিবাসন এবং জাতীয়তা আইন (আইএনএ) একজন ব্যক্তির অগ্রহণযোগ্যতার ভিত্তির রূপরেখা দেয়।	Crime and Punishment	bn	7.0
টেক্সাসে অবৈধ অভিবাসী অপরাধীদের সংখ্যা কম থাকে কারণ অবৈধ অভিবাসীরা বছরের পর বছর ধরে সনাক্ত করা যায় না।	Crime and Punishment	bn	7.0
ন্যাশনাল ক্রাইম রিপোর্টিং সার্ভে অনুসারে, হিস্পানিক অ-নাগরিক সহ অভিবাসীরা, স্থানীয়দের তুলনায় অপরাধের রিপোর্ট করার সম্ভাবনা কিছুটা বেশি, যা অপরাধের রিপোর্ট করার জন্য মানুষের ইচ্ছা পরিমাপ করার জন্য ডিজাইন করা হয়েছে।	Crime and Punishment	bn	7.0
আত্তীকরণ হল সেই প্রক্রিয়া যার মাধ্যমে একটি সংখ্যালঘু গোষ্ঠী বা সংস্কৃতি আয়োজক দেশে সংখ্যাগরিষ্ঠ গোষ্ঠীর আচরণ, মূল্যবোধ, রীতিনীতি এবং বিশ্বাস গ্রহণ করে।	Cultural Identity	bn	11.0
আত্তীকরণ শব্দটি প্রায়ই অভিবাসীদের বর্ণনা করতে ব্যবহৃত হয় যারা একটি নতুন জায়গায় চলে যায়। যাইহোক, এটি জাতিগত গোষ্ঠীগুলি নিয়ে আলোচনা করতেও ব্যবহৃত হয়।	Cultural Identity	bn	11.0
আদিম, অভিবাসী এবং জাতিগত সংখ্যালঘু লোকেরা আধিপত্যশীল সংস্কৃতির মূল্যবোধ এবং সামাজিক আচরণ গ্রহণ করার জন্য তাদের ভাষা, খাদ্য, পোশাক এবং আধ্যাত্মিক অনুশীলন সহ তাদের সংস্কৃতির দিকগুলি প্রায়ই পরিবর্তন করে বা লুকিয়ে রাখে।	Cultural Identity	bn	11.0
এটা মনে রাখা গুরুত্বপূর্ণ যে স্বেচ্ছাসেবী সংহতি প্রায়শই একটি অধিক প্রভাবশালী সংস্কৃতির চাপের প্রতিক্রিয়া এবং সেই অভিযোজন হল মানুষকে নিরাপদ রাখতে এবং বেঁচে থাকার সমাধান। জোরপূর্বক আত্তীকরণ: এটি এমন একটি পরিস্থিতি যেখানে একটি সংখ্যালঘু বা জাতিগত গোষ্ঠী আত্মসমর্পণ করতে বাধ্য হয়। তাদের সাংস্কৃতিক পরিচয়, ভাষা, রীতিনীতি এবং রীতিনীতি প্রভাবশালী গোষ্ঠীর সাথে মিলে যায়।	Cultural Identity	bn	11.0
যদিও এটি রাজ্যগুলির মধ্যে একটি সাধারণ প্রক্রিয়া ছিল, এটি একটি বিভক্ত রাজনৈতিক ইস্যুতে পরিণত হয়েছে - কিছু রাজনীতিবিদ এবং জনসাধারণ অতীতে যুক্তি দেখিয়েছেন যে ইউরোপীয় অভিবাসীরা সংখ্যালঘুদের চেয়ে দ্রুত আত্মীকরণ করেছিল।	Cultural Identity	bn	11.0
আজ এবং অতীতে, এই দেশের অনেক শ্বেতাঙ্গ অভিবাসী এবং সংখ্যালঘুদের জাতীয় সংস্কৃতির জন্য হুমকি হিসাবে দেখে, আমাদের পার্থক্যকে ভয় করে এবং যারা দ্বিমত পোষণ করে তাদের প্রতি হুমকি সহ প্রত্যক্ষ ও পরোক্ষ চাপ প্রয়োগ করে। এবং সহিংসতা।	Cultural Identity	bn	11.0
সাংস্কৃতিক আত্তীকরণের উদ্দেশ্য ছিল স্ব-বিচ্ছিন্নতাকে সীমিত করার জন্য, কিন্তু এই সময়ের মধ্যে অভিবাসীদের সামাজিক স্থিতিশীলতা এবং অর্থনৈতিক সমৃদ্ধির জন্য আত্তীকরণ করতে উত্সাহিত করা হয়েছিল।	Cultural Identity	bn	11.0
অভিবাসী পরিবারগুলির আরেকটি সমীক্ষায় দেখা গেছে যে আরও বিদেশী-জন্ম নেওয়া ভাইবোনদের বেকার হওয়ার সম্ভাবনা বেশি, কম বছরে স্কুল শেষ করা, কম উপার্জন করা এবং বিদেশী জন্মগ্রহণকারী স্বামীদের বিয়ে করা।	Cultural Identity	bn	11.0
যদিও জোরপূর্বক আত্তীকরণ এক ধরনের সহিংসতা, সংখ্যালঘুদের তাদের নয় এমন সাংস্কৃতিক চর্চা গ্রহণ করতে বাধ্য করা সর্বোত্তম এবং সবচেয়ে খারাপ।	Cultural Identity	bn	11.0
আদিবাসী, জাতিগত সংখ্যালঘু এবং অভিবাসীরা প্রায়শই বিভিন্ন উপায়ে আত্তীকরণের অভিজ্ঞতা লাভ করে, তাই এই আত্তীকরণ কীভাবে ঘটেছিল এবং এর প্রভাবগুলি নিয়ে আলোচনা করা এবং সাবধানতার সাথে বিবেচনা করা গুরুত্বপূর্ণ।	Cultural Identity	bn	11.0
আতিথেয়তা শিল্পে, 38 শতাংশ ব্যবসায়িক মালিক মার্কিন যুক্তরাষ্ট্রের বাইরে জন্মগ্রহণ করেছিলেন, যেখানে খুচরা মালিকদের 24 শতাংশের তুলনায়।	Economic	bn	1.0
2011 এবং 2021-এর মধ্যে 85 মিলিয়ন আমেরিকানরা কাউন্টিতে বসবাস করে যেগুলি তাদের প্রধান কাজের বয়স হারিয়েছে এবং 160 মিলিয়ন হ্রাস পাচ্ছে বা স্থিতিশীল জনসংখ্যা সহ কাউন্টিতে বসবাস করছে, এখন সময় এসেছে কীভাবে নতুনভাবে অভিবাসন স্থানীয় এবং আঞ্চলিক অর্থনৈতিক উন্নয়নের সাথে সম্পর্কিত তা নিয়ে আলোচনা শুরু করার। .	Economic	bn	1.0
20টি সবচেয়ে জনবহুল মার্কিন কাউন্টিতে কমপক্ষে একটি স্নাতক ডিগ্রিধারী অভিবাসীদের 36 শতাংশের জন্য দায়ী, দেশের মোট জনসংখ্যার 19 শতাংশের তুলনায়।	Economic	bn	1.0
কেন অভিবাসীরা আমেরিকার জন্য গুরুত্বপূর্ণ এবং অভিবাসীরা তাদের সম্প্রদায়ের কাছে যে মূল্য আনে তা আরও ভালভাবে বোঝার জন্য বিশেষ করে রাজ্য এবং স্থানীয় রাজনীতিবিদদের একটি বেসলাইন কাঠামো তৈরি করতে হবে।	Economic	bn	1.0
মুদ্রাস্ফীতির জন্য সর্বনিম্ন TEA বিনিয়োগ বেড়েছে $900,000 ($500,000 থেকে)।	Economic	bn	1.0
DHS অ্যানেক্স অনুসরণ করে [DHS/USCIS/ICE/CBP-001 এলিয়েন ডকুমেন্ট এবং ন্যাশনাল ডকুমেন্ট ট্র্যাকিং সিস্টেম, DHS/USCIS-007 বেনিফিটস ইনফরমেশন সিস্টেম এবং DHS/USCIS-018 ইমিগ্রেশন বায়োমেট্রিক্স এবং ব্যাকগ্রাউন্ড] এবং একটি গোপনীয়তা প্রভাব মূল্যায়ন [DHS] প্রদান করে ]। ] প্রকাশনা। /USCIS/PIA-016(a) ফলিত এবং কম্পিউটার-লিঙ্কড ইনফরমেশন সিস্টেম], www.dhs.gov/privacy-এ উপলব্ধ।	Economic	bn	1.0
এমনকি এক বছরের রাউন্ড ট্রিপে মজুরির 10% পার্থক্য এই স্বল্প-দক্ষ কর্মীদের বাড়িতে পাঠানোর পরিবর্তে মার্কিন যুক্তরাষ্ট্রে চাকরি খুঁজে পেতে দেয়। একটি কার্যকর, সু-পরিকল্পিত এবং সু-বাস্তবায়িত দারিদ্র্য-বিরোধী কর্মসূচী আয় বৃদ্ধি করতে পারে যা এটি শুরু হয়েছিল তার 35 গুণ পর্যন্ত।	Economic	bn	1.0
কিন্তু বর্তমান মজুরির ব্যবধান এবং ধনী ও দরিদ্র দেশগুলির মধ্যে শ্রমের অনস্বীকার্য দাবির অর্থ হল সমস্ত মানব আন্দোলন আইনি অধিকার ছাড়াই এবং নিয়োগকর্তাদের সমর্থন ছাড়াই সংঘটিত হয়।	Economic	bn	1.0
কম শিক্ষিত গৃহকর্মী এবং অভিবাসীদের উচ্চ হার সহ পেশাগুলির জন্য মজুরির উপর অভিবাসনের প্রভাব নেতিবাচক। 4 অভিবাসন কর্মসংস্থানের পাশাপাশি মজুরির উপর প্রভাব ফেলে। স্থানীয় কর্মীদের জন্য সুযোগ।	Economic	bn	1.0
অভিবাসীদের আগমন কাজের জন্য প্রতিযোগিতা বাড়িয়েছে যার ফলে গৃহকর্মীদের জন্য কম কর্মসংস্থানের সুযোগ রয়েছে। তবে, অভিবাসন কর্মসংস্থানের সুযোগে সামান্য প্রভাব ফেলেছে। 6 মার্কিন অর্থনীতিতে অভিবাসনের নেট প্রভাব ইতিবাচক। 7 অভিবাসীরা অর্থনীতিতে শ্রমিকের সংখ্যা বৃদ্ধি করে, যার ফলে উচ্চ অর্থনৈতিক বৃদ্ধি এবং গৃহকর্মীদের উচ্চ মজুরি হয়।	Economic	bn	1.0
নতুন নিয়ম আশ্রয়প্রার্থীদের যুক্তরাষ্ট্রের দক্ষিণ সীমান্তে উপস্থিত হওয়ার সময় আশ্রয়প্রার্থীদের (সাধারণত অভিবাসন বিচারকদের দেওয়া মামলা) শুনানির এবং শাসন করার আরও ক্ষমতা দেয়।	External Regulation and Reputation	bn	14.0
মাইগ্রেশন ম্যানেজমেন্ট ইন্ডিকেটর (এমজিআই) জাতীয় অভিবাসন নীতির অখণ্ডতা মূল্যায়ন করতে এবং প্রাতিষ্ঠানিক সক্ষমতা বৃদ্ধি এবং অভিবাসন কর্মসূচির জন্য ফাঁক এবং অগ্রাধিকার চিহ্নিত করতে একটি কাঠামো প্রদান করে।	External Regulation and Reputation	bn	14.0
যোগ্যতা, শর্ত, স্ট্যাটাস গ্যারান্টি এবং সংশ্লিষ্ট অধিকার সহ প্রতিটি নীতি বিভাগের বিভিন্ন উপ-মাত্রা বিবেচনা করা হয়।	External Regulation and Reputation	bn	14.0
ড্যাশবোর্ডটি পাঁচটি নীতিগত মাত্রার চারপাশে সংগঠিত: প্রাতিষ্ঠানিক সংহতি, অভিবাসনের খরচ কমানো, অভিবাসী এবং পরিবারের অধিকার রক্ষা করা, একীকরণ এবং পুনঃএকীকরণের প্রচার করা এবং উন্নয়নে অভিবাসনের প্রভাব বৃদ্ধি করা।	External Regulation and Reputation	bn	14.0
অভিবাসন প্রবিধানগুলি কোড অফ ফেডারেল রেগুলেশনস (এলিয়েনস এবং সিটিজেনস) এর শিরোনাম 8 এ রয়েছে যা মার্কিন যুক্তরাষ্ট্রের কোড (এলিয়েন এবং জাতীয়তা) এর শিরোনাম 8 এর সমতুল্য।	External Regulation and Reputation	bn	14.0
লিঙ্গ সমতা এবং ন্যায়বিচার প্রচারের প্রয়োজনীয়তা এবং চ্যালেঞ্জগুলি বিশ্বজুড়ে স্পষ্ট।	Fairness and Equality	bn	4.0
তিনি মার্কিন যুক্তরাষ্ট্র সরকার, হোয়াইট হাউস, স্টেট ডিপার্টমেন্ট এবং ইউনাইটেড স্টেটস মিশন টু ইউনাইটেড নেশনস, এজেন্সি ফর ইন্টারন্যাশনাল ডেভেলপমেন্ট (ইউএসএআইডি), এবং স্বাস্থ্য অধিদপ্তর সহ সর্বোচ্চ রাজনৈতিক স্তরে ব্যতিক্রমী নেতৃত্ব এবং ক্ষমতা তৈরি করেছেন। . মানব সম্পদ. এবং মানব সেবা (HHS)।	Fairness and Equality	bn	4.0
যেহেতু ট্রাম্প প্রশাসন লিঙ্গ সংক্রান্ত সমস্যাগুলি, বিশেষত যৌন ও প্রজনন স্বাস্থ্য এবং LGBTQI+ অধিকারগুলির উপর আক্রমণ চালিয়ে যাচ্ছে, বিডেন প্রশাসন মার্কিন বৈশ্বিক স্বাস্থ্য ও উন্নয়ন লক্ষ্য অর্জনের জন্য প্রয়োজনীয় লিঙ্গ সমতা এবং সমতাকে এগিয়ে নেওয়ার জন্য একটি কৌশলগত বাধ্যবাধকতার মুখোমুখি হচ্ছে। দেখায় যে অর্থনৈতিক সমৃদ্ধি এবং জাতীয় নিরাপত্তা অর্জন করা যেতে পারে।	Fairness and Equality	bn	4.0
যদিও অন্যান্য প্রশাসনে নারী ও মেয়েদের জন্য নিবেদিত অফিস রয়েছে, বর্তমান হোয়াইট হাউস জেন্ডার পলিসি কাউন্সিল হল প্রেসিডেন্সির প্রথম পলিসি কাউন্সিল যেটি নারী ও মেয়েদের সহ জেন্ডার ইক্যুইটি এবং লিঙ্গ সমতার উপর ফোকাস করে, তবে এটি আরও অন্তর্ভুক্তিমূলক এবং প্রশস্ত। . LGBTQI+ সমস্যা সহ লিঙ্গ বিষয়সূচি।	Fairness and Equality	bn	4.0
হোয়াইট হাউসের সম্ভবত আন্তঃসংস্থা প্রক্রিয়াগুলি সংগঠিত এবং সমন্বয় করার দায়িত্ব থাকবে যেগুলি এজেন্সি এবং প্রতিষ্ঠানগুলির মধ্যে উত্তেজনা এবং প্রতিযোগিতা পরিচালনা করতে হবে এবং প্রশাসন থেকে চলমান উচ্চ-স্তরের এবং কর্মীদের সমর্থন প্রয়োজন।	Fairness and Equality	bn	4.0
ইউএস চেম্বার অফ কমার্সের মতে, বৈচিত্র্য, ইক্যুইটি এবং অন্তর্ভুক্তি (প্রায়ই DEI বলা হয়) হল একটি সামাজিক উন্নয়ন কাঠামো যা ব্যবসার সেটিংসে প্রয়োগ করা যেতে পারে।	Fairness and Equality	bn	4.0
মহামারীটি অভিবাসীদের মুখোমুখি হওয়া স্বাস্থ্য এবং অর্থনৈতিক চ্যালেঞ্জগুলিকে আরও বাড়িয়ে তুলেছে এবং মার্কিন-মেক্সিকো সীমান্তে অভিবাসীদের কার্যকলাপ বৃদ্ধির সাথে সাথে অভিবাসীদের চাহিদা মোকাবেলা করা ক্রমশ গুরুত্বপূর্ণ হয়ে উঠেছে।	Health and Safety	bn	9.0
যদিও অনেক অ-বয়স্ক নাগরিক পূর্ণ-সময়ের কর্মীদের সাথে পরিবারে বাস করে, তারা ব্যক্তিগত বীমার কম অ্যাক্সেসের সম্মুখীন হয় কারণ তারা কম এবং কম বেতনের চাকরিতে এবং এমন শিল্পে যেখানে নিয়োগকর্তারা পেনশন দেওয়ার সম্ভাবনা কম থাকে সেখানে কাজ করার সম্ভাবনা বেশি। - স্পনসরশিপ রিপোর্ট।	Health and Safety	bn	9.0
B. কিছু অভিবাসী, যেমন অস্থায়ী সুরক্ষা স্ট্যাটাস ধারক, তারা আইনগত কিন্তু অযোগ্য এবং মেডিকেড বা CHIP-এর জন্য যোগ্য নয়, তারা কতদিন ধরে দেশে আছেন তার উপর নির্ভর করে।	Health and Safety	bn	9.0
DACA স্ট্যাটাসযুক্ত ব্যক্তিরা স্বাস্থ্য বীমা যোগ্যতার জন্য আইনত উপলব্ধ বলে বিবেচিত হয় না এবং সেন্টার ফর মেডিকেয়ার অ্যান্ড মেডিকেড পরিষেবা (CMS) দ্বারা জারি করা প্রবিধানের অধীনে কভারেজ বিকল্পগুলির জন্য যোগ্য নয়।	Health and Safety	bn	9.0
যদিও তারা কভারেজের জন্য যোগ্যতা অর্জন করে, অনেক অভিবাসী পরিবার তাদের নথিভুক্ত করার সময় অনেক বাধার সম্মুখীন হওয়ার কারণে বীমামুক্ত থাকে, যার মধ্যে রয়েছে ভয়, যোগ্যতা প্রক্রিয়া সম্পর্কে বিভ্রান্তি, তালিকাভুক্তি প্রক্রিয়ায় অসুবিধা এবং ভাষা ও সাক্ষরতার সমস্যা।	Health and Safety	bn	9.0
গবেষণা দেখায় যে ট্রাম্প প্রশাসনের অভিবাসন নীতির পরিবর্তনগুলি অভিবাসী পরিবারগুলিকে যোগ্য হওয়া সত্ত্বেও নিজেদের এবং/অথবা তাদের সন্তানদের Medicaid এবং CHIP-এ নথিভুক্ত করার বিষয়ে উদ্বিগ্ন করে তুলছে৷	Health and Safety	bn	9.0
"জেনিফার চ্যাকন, ""রাজ্যগুলি অপরাধমূলক রেকর্ড, পাবলিক অনুদান প্রাপক, ক্রীতদাস এবং মুক্ত কৃষ্ণাঙ্গদের সহ সমস্ত গোষ্ঠীকে রাষ্ট্রীয় লাইনে প্রবেশ করতে বাধা দেওয়ার জন্য ডিজাইন করা আইন পাস করেছে।"""	Legality, Constitutionality, Jurisdiction	bn	5.0
"""আমান্ডা ফ্রস্ট অভিবাসন এবং সাংবিধানিক আইনে তার দক্ষতা এবং অভিজ্ঞতার সাথে আমাদের অনুষদের জন্য একটি উত্তেজনাপূর্ণ সংযোজন,"" বলেছেন ডিন রিসা গোলুবফ৷"	Legality, Constitutionality, Jurisdiction	bn	5.0
"""এই বইটির জন্য ধারণাটি আমার কাছে এসেছিল যখন আমি আমেরিকার ইতিহাস জুড়ে তাদের নাগরিকত্ব হারানো লোকদের গল্প দেখেছিলাম এবং বুঝতে পেরেছিলাম যে এটি আমি আগে ভেবেছিলাম তার চেয়ে অনেক বিস্তৃত ঘটনা,"" ফ্রস্ট বলেছিলেন।"	Legality, Constitutionality, Jurisdiction	bn	5.0
"ফৌজদারি বিচার ব্যবস্থাকে কাজ করতে দেখে, তিনি ""এর একটি অংশ হতে চেয়েছিলেন এবং এমন লোকদের প্রতিনিধিত্ব করতে চেয়েছিলেন যারা তাদের কণ্ঠ শুনতে চায় না।"" কলেজের পর, তিনি এক বছর নাগরিক অধিকার আইনে প্যারালিগাল হিসাবে কাজ করেছিলেন। তিনি যে ইনস্টিটিউট এবং স্কুল থেকে স্নাতক হয়েছেন সেখানে আইন অধ্যয়নের জন্য আবেদন করেছিলেন।"	Legality, Constitutionality, Jurisdiction	bn	5.0
"""আমি [অভিবাসন] বিষয়গুলিকে রাজনৈতিক ইস্যু থেকে আইনি ব্যাখ্যা এবং সরকারের তিনটি শাখার মধ্যে সম্পর্ক সম্পর্কে জটিল সাংবিধানিক প্রশ্ন সব ফ্রন্টে আকর্ষণীয় বলে মনে করি,"" তিনি বলেছিলেন।"	Legality, Constitutionality, Jurisdiction	bn	5.0
পূর্বে অপরাধের জন্য দোষী সাব্যস্ত অভিবাসীদের গ্রেপ্তার করে রাজ্য কর্তৃপক্ষকে ফেডারেল অভিবাসন আইন প্রয়োগ করার অনুমতি দেওয়া হয়েছে।	Legality, Constitutionality, Jurisdiction	bn	5.0
"আপনি সেই অফিসারের দিকে তাকিয়ে বলবেন, ""আপনি কি আমার দিকে তাকিয়ে বলতে পারেন না আমি ভালো আছি?"" আপনি হয়তো ভাবছেন। দুর্ভাগ্যবশত এই সত্য নয়. যথেষ্ট"	Morality	bn	3.0
অতএব, আপনি যদি মেডিকেল মারিজুয়ানা বা বিনোদনমূলক গাঁজা ধূমপান করেন, তাহলে আপনাকে নৈতিকভাবে নিকৃষ্ট ব্যক্তি হিসাবে বিবেচনা করা যেতে পারে, এমনকি যদি এটি আপনার রাজ্যে বৈধ হয় এবং আপনি কখনই গ্রেফতার বা নিয়ন্ত্রিত পদার্থের জন্য দোষী সাব্যস্ত হননি।	Morality	bn	3.0
নৈতিক চরিত্র এবং আইনসম্মত স্থায়ী বাসিন্দা (এলপিআর)। আপনি যদি একজন বৈধ স্থায়ী বাসিন্দা (LPR) হন এবং মার্কিন নাগরিকত্ব/নাগরিকত্বের জন্য আবেদন করতে চান, তাহলে আপনার বৈধ স্থায়ী বসবাসের সময় আপনাকে অবশ্যই USCIS কর্মকর্তাদের কাছে গ্রহণযোগ্য নৈতিক চরিত্র প্রদর্শন করতে হবে।	Morality	bn	3.0
ইমিগ্রেশন আদালতে নৈতিক চরিত্র এবং পদ্ধতি। যখন একজন ব্যক্তি USCIS দ্বারা নির্বাসন বা অপসারণের শিকার হন, তখন তাদের অবশ্যই ভাল নৈতিক চরিত্র প্রদর্শন করতে হবে।	Morality	bn	3.0
একটি সাধারণ উদাহরণে, যখন কেউ গুরুতর আঘাত বা মানসিক অপব্যবহারের কারণে মার্কিন নাগরিকত্বের জন্য আবেদন করে, তখন মার্কিন যুক্তরাষ্ট্রে তাদের সময়কালে উল্লেখযোগ্য সাফল্যের প্রমাণ সেই ব্যক্তির সম্পূর্ণ মামলাকে দুর্বল করতে পারে।	Morality	bn	3.0
যদি তারা প্রথম বছরে আবেদন না করে, তাহলে তারা আশ্রয় পাওয়ার সুযোগ হারাবে।	Other	bn	15.0
200,000 এরও বেশি আফগান, ইউক্রেনীয়, ভেনিজুয়েলান, নিকারাগুয়ান, কিউবান এবং হাইতিয়ানরা সবচেয়ে আনুষ্ঠানিক মানবিক প্যারোল প্রক্রিয়ার মধ্য দিয়ে গেছে।	Other	bn	15.0
হোয়াইট হাউস এবং হোমল্যান্ড সিকিউরিটি কর্মকর্তারা অভিবাসন সংকট এবং মার্কিন-মেক্সিকো সীমান্তের মধ্যে মার্কিন যুক্তরাষ্ট্রে অভিবাসীদের প্রবেশ সীমিত করতে অতিরিক্ত বিধিনিষেধ নিয়ে আলোচনা শুরু করেছে।	Other	bn	15.0
"""ব্যবস্থাপনার বিষয় হিসাবে, আমরা কোনও নীতির সাথে এগিয়ে যাওয়ার আগে সমস্ত আইনি বিবেচনা বিবেচনা করি এবং নতুন প্রস্তাবিত প্রবিধানগুলি এই বিবেচনাগুলিকে প্রতিফলিত করে,"" একজন সরকারী কর্মকর্তা একটি বিবৃতিতে বলেছেন।"	Other	bn	15.0
সিএনএন সূত্র জানায়, মার্কিন যুক্তরাষ্ট্রের দক্ষিণ সীমান্তে রেকর্ড সংখ্যক অভিবাসীর আগমন কর্তৃপক্ষের আশংকা করায় অভিবাসন ব্যবস্থা সংস্কারের প্রস্তাব স্থবির হয়ে পড়েছে।	Other	bn	15.0
"""এটি আমাদের শীর্ষ অগ্রাধিকার নয়, এটি আমাদের দ্বিতীয় অগ্রাধিকার নয়,"" একজন প্রশাসনিক কর্মকর্তা এর আগে সাংবাদিকদের বলেছিলেন, মার্কিন যুক্তরাষ্ট্রে অ্যাপের ব্যবহার সহ আইনি অ্যাক্সেস খোলার প্রচেষ্টার উপর জোর দিয়েছিলেন এবং জোর দিয়েছিলেন যে সংস্কারের ভোটের দায়িত্ব বর্তায়। কংগ্রেসের সাথে। ."	Other	bn	15.0
অভিবাসন চিকিৎসা পরীক্ষার অংশ হিসাবে, আবেদনকারী, সিভিল সার্জন এবং অন্যান্য সমস্ত স্বাস্থ্যসেবা প্রদানকারী যারা আবেদনকারীকে মূল্যায়ন করেন তাদের অবশ্যই ফর্মটিতে স্বাক্ষর করতে হবে এবং তারা যা বলেছেন তা সত্য বলে প্রত্যয়ন করতে হবে।	Policy Prescription and Evaluation	bn	6.0
যদি শরণার্থীর শুধুমাত্র টিকা পরীক্ষার প্রয়োজন হয়, তবে ফর্মের যে অংশগুলি পূরণ করতে হবে তা হল আবেদন তথ্য, ভ্যাকসিন পরীক্ষা এবং শংসাপত্র।	Policy Prescription and Evaluation	bn	6.0
USCIS একটি নির্দিষ্ট শারীরিক বা বিকাশগত অক্ষমতা বা বুদ্ধিবৃত্তিক অক্ষমতা দ্বারা প্রভাবিত একজন আবেদনকারীকে গ্রহণ করে যখন একই অক্ষমতা বা ব্যাধি দ্বারা প্রভাবিত অন্য আবেদনকারী অক্ষমতা মওকুফের জন্য যোগ্য।	Policy Prescription and Evaluation	bn	6.0
একটি অক্ষমতা মওকুফ শুধুমাত্র ফর্ম N-648 পূরণ করার মাধ্যমে প্রাপ্ত করা যেতে পারে, যার প্রমাণ প্রয়োজন যে আবেদনকারীর শারীরিক বা মানসিক অক্ষমতা বা বুদ্ধিবৃত্তিক অক্ষমতা আবেদনকারীকে ইংরেজি ভাষা বা নাগরিকত্বের প্রয়োজনীয়তা বা উভয়ই পূরণ করতে বাধা দেয়। যুক্তিসঙ্গত বাসস্থান.	Policy Prescription and Evaluation	bn	6.0
টেলিহেলথ মেডিকেল পরীক্ষার জন্য অনুবাদ পরিষেবা প্রদানকারী অনুবাদকদের ফর্ম N-648, ইন্টারপ্রেটার সার্টিফিকেশন পূরণ করতে হবে না।	Policy Prescription and Evaluation	bn	6.0
কয়েক বছর ধরে, কংগ্রেস ব্যাপক অভিবাসন সংস্কারের বিষয়ে একমত হতে ব্যর্থ হয়েছে, কার্যকরভাবে কিছু মূল নীতিগত সিদ্ধান্তকে নির্বাহী ও বিচার বিভাগীয় শাখায় স্থানান্তরিত করেছে এবং রাজ্য ও স্থানীয় সরকার চেম্বারে বিতর্ককে উসকে দিয়েছে।	Political	bn	13.0
ট্রাম্প-যুগের নীতিগুলি উল্টাতে বিডেনের পদক্ষেপগুলির মধ্যে রয়েছে মার্কিন অভিবাসন নিষেধাজ্ঞাগুলি শিথিল করা, ভ্রমণ নিষেধাজ্ঞার অবসান, গ্রিন কার্ড প্রক্রিয়াকরণের উপর স্থগিতাদেশ তুলে নেওয়া এবং মার্কিন যুক্তরাষ্ট্র-মেক্সিকো বরাবর একটি প্রাচীর নির্মাণ বন্ধ করা।	Political	bn	13.0
এদিকে, দক্ষিণ সীমান্তে অভিবাসীদের একটি ঐতিহাসিক আগমন বিডেনের প্রচেষ্টাকে আরও দুর্বল করার হুমকি দেয়: মে 2022 সালে, সীমান্তে আশংকা প্রায় 240,000 এ পৌঁছেছিল, মহামারী-সম্পর্কিত পতনের পরে 20 বছরের সর্বোচ্চ।	Political	bn	13.0
আমেরিকার 2022 শীর্ষ সম্মেলনে, 23 জন পশ্চিম গোলার্ধের নেতারা উদ্বাস্তু জনসংখ্যার জন্য সাহায্য বাড়ানোর লক্ষ্যে একটি অভিবাসন চুক্তিতে সম্মত হয়েছেন, সীমান্ত ব্যবস্থাপনার উন্নতি এবং জরুরি প্রতিক্রিয়ার আরও ভাল সমন্বয় সাধনের লক্ষ্যে।	Political	bn	13.0
বিডেন এবং মেক্সিকোর প্রেসিডেন্ট আন্দ্রেস ম্যানুয়েল লোপেজ ওব্রাডোরও দক্ষিণ যুক্তরাষ্ট্র সফর করেছেন। অস্থায়ী কাজের ভিসা বাড়ানো এবং সীমান্ত নজরদারিতে বিনিয়োগ বাড়ানোর জন্য একটি যৌথ সীমান্ত নিরাপত্তা অবকাঠামো পরিকল্পনার প্রস্তাব করা হয়েছে।	Political	bn	13.0
"""1920 এর আগে, অভিবাসন বিতর্কের সাধারণ প্রবণতা নেতিবাচক ছিল, কিন্তু একটি প্রজন্মের মধ্যে - 1945 থেকে 1965 পর্যন্ত - এটি খুব ইতিবাচক হয়ে ওঠে,"" বলেছেন অর্থনীতির অধ্যাপক এবং অর্থনৈতিক ইতিহাসবিদ রন আব্রামিৎস্কি৷ স্ট্যানফোর্ড ইউনিভার্সিটি কৃত্রিম বুদ্ধিমত্তা গবেষকদের সাথে নতুন কাজ প্রকাশ করার জন্য দলবদ্ধ হয়েছে।"	Public Sentiment	bn	12.0
কার্ড এবং আব্রামিটস্কি ছাড়াও, দলে স্ট্যানফোর্ডের কম্পিউটার বিজ্ঞানী সেরেনা চ্যাং অন্তর্ভুক্ত রয়েছে। ক্রিস বেকার, স্ট্যানফোর্ডের একজন অর্থনীতিবিদ। জুলিয়া মেন্ডেলসোহন, মিশিগান বিশ্ববিদ্যালয়ের একজন তথ্য বিজ্ঞানী। ড্যান জুরাফস্কি স্ট্যানফোর্ডের ভাষাবিজ্ঞান এবং কম্পিউটার বিজ্ঞানের অধ্যাপক। ; অধ্যাপক; রব ভয়গট, ভাষাবিজ্ঞানের সহকারী অধ্যাপক, নর্থওয়েস্টার্ন ইউনিভার্সিটি।	Public Sentiment	bn	12.0
একটি মেশিন লার্নিং মডেল তৈরি করতে যা নির্ভুলভাবে অভিবাসী কণ্ঠস্বর সনাক্ত করতে পারে, দলটি ম্যানুয়ালি মানব গবেষকদের বক্তৃতা নমুনা স্কোর করেছে যে তারা ইতিবাচক, নেতিবাচক বা নিরপেক্ষ কিনা এবং তারা কীভাবে অভিবাসীদের চিত্রিত করেছে তা নির্ধারণ করতে।	Public Sentiment	bn	12.0
সাম্প্রতিক রাজনৈতিক বক্তৃতায় অভিবাসী-পন্থী স্বর সারা দেশে ক্রমবর্ধমান ইতিবাচক মনোভাবকে প্রতিফলিত করে।	Public Sentiment	bn	12.0
গত মাসে রিপোর্ট করা হিসাবে, অবৈধ অভিবাসন এই বছর মূল্যায়ন করা 14 টি সমস্যার মধ্যে জাতিগত অন্তর্ভুক্তির জন্য দ্বিতীয় সর্বোচ্চ পাবলিক ইস্যু।	Public Sentiment	bn	12.0
"""আশ্রয় নিষেধাজ্ঞার বিষয়ে রাষ্ট্রপতি বিডেনের উপর আমাদের চাপ দেওয়ার দরকার নেই, আমরা এই ভয়ানক অন্যায়ের বিরুদ্ধে তাদের আওয়াজ তুলতে জনগণকে সংগঠিত করছি,"" বলেছেন #ওয়েলকামউইথডিগনিটি কোয়ালিশনের অন্তর্বর্তী প্রচারণা পরিচালক বিলাল আসিয়ার। অভিবাসন আইন এবং আইনি প্রতিষ্ঠান।"	Public Sentiment	bn	12.0
ওয়ার্ল্ড হেলথ অর্গানাইজেশন জীবনের মানকে একজনের লক্ষ্য সম্পর্কে বাস্তবতার উপলব্ধির একটি বিষয়গত মূল্যায়ন হিসাবে সংজ্ঞায়িত করে, যা একজনের সংস্কৃতি এবং মূল্য ব্যবস্থার লেন্সের মাধ্যমে দেখা হয়।	Quality of Life	bn	10.0
যারা ভিত্তিহীন, মিথ্যা বা দূষিত দাবির সাথে সিস্টেমের অপব্যবহার করে তাদের জন্য প্রশাসনিক খরচ এবং আইনি সহায়তার জন্য এটি আমাদের আশ্রয় ব্যবস্থার মিলিয়ন মিলিয়ন ডলার খরচ করবে - দেখুন আশ্রয় ব্যবস্থার অপব্যবহারের বোঝা এবং ক্রমবর্ধমান খরচ সম্পর্কে আমাদের ব্রিফিং।	Quality of Life	bn	10.0
"যানজট আরও খারাপ হচ্ছে - লন্ডন এখন বিশ্বের সবচেয়ে যানজটপূর্ণ শহর, ক্রমবর্ধমান যানজটের কারণে ""স্মার্ট মোটরওয়ে""-এ পরিবর্তন করার জন্য সরকারের উন্মত্ত সিদ্ধান্তকে চালিত করা হয়েছে, ট্র্যাফিক ডেটা ফার্ম এনরিক্স খুঁজে পেয়েছে। ড্রাইভিং নিরাপত্তা হ্রাস করুন এবং পরিবারকে ঝুঁকির মধ্যে রাখুন, শক্ত কাঁধ থেকে মুক্তি পান।"	Quality of Life	bn	10.0
আর এসব কিছু উল্লেখ না করেই জননিরাপত্তার দুঃস্বপ্নের সৃষ্টি হয়েছে হাজার হাজার অবৈধ অভিবাসী যারা নৌকা, প্লেন ও ট্রাকে করে দেশে প্রবেশ করেছে তাদের খুঁজে বের করতে না পারা এবং যারা দেশে প্রবেশ করছে তাদের পরিচয়পত্র ইচ্ছাকৃতভাবে নষ্ট করার প্রবণতা। .	Quality of Life	bn	10.0
আইন যেগুলি অনাগরিকদের বিরুদ্ধে বৈষম্য করে এবং প্রোগ্রাম এবং নীতিগুলি যা তাদের বিশেষ চাহিদা এবং দুর্বলতাগুলিকে মোকাবেলা করতে ব্যর্থ হয় সেগুলি প্রায়শই পরিবার এবং তাদের পরিবারকে প্রয়োজনীয় পরিষেবাগুলি অ্যাক্সেস করতে বাধা দেয়।	Quality of Life	bn	10.0
বয়স, পারিবারিক জ্যেষ্ঠতা, জাতি/জাতি, বৈবাহিক অবস্থা এবং সন্তানের উপস্থিতি বা অনুপস্থিতির মতো ব্যক্তিগত এবং পারিবারিক কারণগুলির দ্বারা একজন মহিলার স্থানান্তর করার ক্ষমতা সীমিত হতে পারে।	Quality of Life	bn	10.0
অভিবাসীরা তাদের জাতিগত বিশ্বাসের কারণে অমানবিক, দোষী, নির্বিচারে আটক এবং কখনও কখনও তাদের সন্তানদের থেকে আলাদা করা হয়।	Quality of Life	bn	10.0
বাধা এবং দেয়াল এই বিশ্বাস থেকে উদ্ভূত হয় যে নিরাপদ এবং সুশৃঙ্খল চলাচলের রুটগুলি বন্ধ করা এবং ইচ্ছাকৃতভাবে তাদের কঠোর করার ফলে লোকেরা তাদের জমি ছেড়ে যেতে কম ইচ্ছুক হবে।	Quality of Life	bn	10.0
অভিবাসীদের অবশ্যই দেখাতে হবে যে তারা দেশে ফেরার সময় নিপীড়নের ভয় পায়।	Quality of Life	bn	10.0
আবাসনের সামর্থ্য, জীবনযাত্রার ব্যয়, ভ্রমণের সময়, দূষণ, অপরাধ, স্বাস্থ্য, ক্রয়ক্ষমতা, বিনোদন এবং কর্মসংস্থান সহ বিভিন্ন বিষয়ে সারাদেশে জনগণের সমীক্ষার মাধ্যমে এই সংখ্যা নির্ধারণ করা হয়েছে।	Quality of Life	bn	10.0
9/11 থেকে, ডিপার্টমেন্ট অফ হোমল্যান্ড সিকিউরিটি (DHS) এবং ফেডারেল সরকার, সরকারী এবং বেসরকারী সেক্টরে এবং জাতীয় এবং বিশ্বব্যাপী সম্প্রদায়গুলিতে তার অনেক অংশীদারদের সাথে, নতুন যা আছে তা নাটকীয়ভাবে পুনরুদ্ধার এবং উন্নত করার জন্য কাজ করেছে৷ স্বদেশ. নিরাপত্তা শারীরিক নিরাপত্তা. গতিশীল হুমকিগুলি সমস্ত ধরণের আক্রমণ এবং বিপর্যয় থেকে প্রশমিত, প্রতিক্রিয়া এবং পুনরুদ্ধার করার ক্ষমতা উন্নত করে।	Security and Defense	bn	8.0
ইউএস সিটিজেনশিপ অ্যান্ড ইমিগ্রেশন সার্ভিসেস (ইউএসসিআইএস) একটি মেশিন-পাঠযোগ্য ক্ষেত্র অন্তর্ভুক্ত করার জন্য তার কর্মসংস্থানের অনুমতিগুলি আপডেট করেছে যা সীমান্ত নিয়ন্ত্রণ অফিসারদের অভিবাসনের জন্য অনুমোদিত ব্যক্তিদের আরও কার্যকরভাবে সনাক্ত করতে দেয় এবং পূর্বে ইউএসসিআইএস অফিসারদের দ্বারা স্ক্রীন করা হয়েছে৷	Security and Defense	bn	8.0
ইউ.এস. কোস্ট গার্ড যুদ্ধদল, সন্ত্রাসবাদ প্রতিরোধ এবং গণবিধ্বংসী অস্ত্রের উপস্থিতি এবং মোতায়েন সহ একটি উল্লেখযোগ্য আমেরিকান বাহিনী তৈরি করে হুমকির প্রতিক্রিয়া জানাতে নৌবাহিনীর ক্ষমতা বাড়ায়। সামুদ্রিক নিরাপত্তা এবং বন্দর নিরাপত্তা দলগুলিকে দ্রুত সাড়া দেওয়ার ক্ষমতা। অভ্যন্তরীণ ব্রাউজিং হুমকি এবং পরবর্তী প্রতিক্রিয়া.	Security and Defense	bn	8.0
বিকিরণ সনাক্তকরণ: CBP বিশ্বজুড়ে বন্দর, স্থল সীমানা এবং ডাক সুবিধাগুলিতে রেডিয়েশন গেট স্ক্রিন এবং অন্যান্য বিকিরণ সনাক্তকরণ প্রযুক্তি স্থাপন করেছে।	Security and Defense	bn	8.0
9/11 থেকে, ডিপার্টমেন্ট অফ হোমল্যান্ড সিকিউরিটি (DHS) এবং ফেডারেল সরকার, সরকারী এবং বেসরকারী সেক্টরে এবং জাতীয় এবং বিশ্বব্যাপী সম্প্রদায়গুলিতে তার অনেক অংশীদারদের সাথে, নতুন যা আছে তা নাটকীয়ভাবে পুনরুদ্ধার এবং উন্নত করার জন্য কাজ করেছে৷ স্বদেশ. নিরাপত্তা শারীরিক নিরাপত্তা. গতিশীল হুমকিগুলি সমস্ত ধরণের আক্রমণ এবং বিপর্যয় থেকে প্রশমিত, প্রতিক্রিয়া এবং পুনরুদ্ধার করার ক্ষমতা উন্নত করে।	Security and Defense	bn	8.0
"আধুনিক পাঠকরা লিবার্টি বন্ডের জন্য অর্থ সংগ্রহের জন্য 20 শতকের গোড়ার দিকে পুরুষ এবং মহিলা ক্লাব দ্বারা আয়োজিত ""পুরুষ এবং মহিলা"" বিবাহের প্রশংসা করতে পারেন।"	Capacity and Resources	bn	2.0
তিনি যীশুর মতো সমকামিতার সাংস্কৃতিক দিকগুলি, তাঁর কল্পিত বিবাহ এবং মার্ক টোয়েনের গল্প - কীভাবে তিনি কেট উইলসনকে বিয়ে করেছিলেন, যার কাজ ন্যান্সি জ্যাকসন প্রকাশ করার সাহস করেননি।	Capacity and Resources	bn	2.0
"একটি ব্যক্তিগত শুনানির পর: 1923 সালের শিকাগো হত্যা মামলায় বিচারক রায় দিয়েছিলেন যে ""থম্পসন যে একজন পুরুষ ছিলেন তা স্বামী হিসাবে তার মর্যাদাকে প্রভাবিত করেনি, যা আইনের ব্যাখ্যার বিষয় ছিল।"" থম্পসনকে সাক্ষ্য দিতে দেওয়া হয়নি। , কারণ তখন একজন মহিলা তার স্বামীর পক্ষে সাক্ষ্য দিতে পারে।"""	Capacity and Resources	bn	2.0
সমকামী দম্পতি - যেমন বন্ধন দম্পতি, মিশ্র দম্পতি, সহবাসকারী দম্পতি এবং বহুবিবাহ - রাষ্ট্রের দৃষ্টিতে আইনী হতে পারে বা নাও হতে পারে, তবে তারা বিদ্যমান।	Capacity and Resources	bn	2.0
"ক্লিফস যেমন জিজ্ঞাসা করে, ""তাদের কি সমকামী হিসাবে বোঝা উচিত বা এখনও সমকামী এবং সমকামী ইতিহাস দ্বারা সংজ্ঞায়িত একটি ট্রান্স ইতিহাসের মধ্যে তৈরি করা উচিত?"	Capacity and Resources	bn	2.0
LGBTQ+ যারা ইতিমধ্যে বিবাহিত তারা বলে যে নিষেধাজ্ঞা এখনও তাদের বিয়ে করার অনুমতি দেয়৷	Crime and Punishment	bn	7.0
LGBTQ+ ব্যক্তিরা যারা 32টি রাজ্যে বিয়ে করতে চান যাদের বিবাহের সমান অধিকার নেই তাদের অবশ্যই রাজ্য লাইন জুড়ে বিয়ে করতে হবে এবং তাদের রাজ্য তাদের ইউনিয়নকে স্বীকৃতি দিতে হবে।	Crime and Punishment	bn	7.0
LGBTQ+ বিয়ে নিষিদ্ধ করে এমন রাজ্যে বিবাহিতদের জন্য বিলটির অর্থ কী?	Crime and Punishment	bn	7.0
সুপ্রিম কোর্ট যদি বিবাহের সমতা বাতিল করে, তাহলে কি জাতীয়ভাবে বিবাহের সমতা পুনরুদ্ধারের কোনো উপায় আছে?	Crime and Punishment	bn	7.0
"ক্ল্যারেন্স থমাস, সংখ্যাগরিষ্ঠ বিচারপতিদের মধ্যে একজন যারা রোকে উল্টে দিয়েছিলেন, একটি মতামত লিখেছিলেন যে যুক্তি দিয়ে আদালতের ওবার্গফেলকে ""পুনরায় দেখা"" উচিত, এটিকে আদালতের ভুল সিদ্ধান্তগুলির মধ্যে একটি বলে অভিহিত করা হয়েছে৷ রো পাস করার আগে খুব অল্প সময়ের জন্য জায়গায় থাকে।"	Crime and Punishment	bn	7.0
সমকামী দম্পতিরা বিবাহের সমতার জন্য যুদ্ধে জয়লাভ করেছে এবং ফেডারেল এবং রাষ্ট্রীয় আইন দ্বারা প্রদত্ত বৈবাহিক সুবিধার অনেকগুলি, যদি না হয়, উপভোগ করে৷	Economic	bn	1.0
কিছু রাজ্যে এবং কলম্বিয়া জেলায়, বিবাহিত দম্পতিরা তাদের বাড়ি এবং ব্যাঙ্ক অ্যাকাউন্টের মতো সম্পদের শিরোনাম পেতে পারে, ঋণদাতারা কীভাবে নির্দিষ্ট শিরোনামযুক্ত সম্পদ সংযুক্ত করতে পারে তা সীমিত করে।	Economic	bn	1.0
অবিবাহিত গার্হস্থ্য অংশীদারদের জন্য যারা একই কর্মচারী সুবিধা পান (যদি নিয়োগকর্তাও গার্হস্থ্য অংশীদারকে উপকৃত করেন), গার্হস্থ্য অংশীদারের সুবিধার মূল্য সাধারণত ফেডারেল আয়করের উপর কর্মচারীর করযোগ্য আয়ের সমান হয়।	Economic	bn	1.0
এখন যে সমকামী বিবাহ স্বীকৃত হয়েছে, সমকামী দম্পতিরা অসুস্থ স্বামী/স্ত্রীর বিষয়ে সিদ্ধান্ত নেওয়ার এবং তাদের স্ত্রীর সম্পদ নিয়ন্ত্রণ করার ক্ষেত্রে আইনগতভাবে তাদের আত্মীয়দের সাথে রয়েছে তা জেনে আরাম উপভোগ করতে পারে৷ অন্য আয়োজনের অভাবে মৃত্যু।	Economic	bn	1.0
সমকামী বিবাহের অর্থনৈতিক প্রভাব রাজ্য এবং স্থানীয় অর্থনীতির পাশাপাশি বিবাহ শিল্পের জন্য ইতিবাচক।	Economic	bn	1.0
জাতিসংঘ সহ আন্তর্জাতিক সংস্থাগুলি LGBTQ+ অধিকারগুলিকে সমর্থন করে প্রস্তাবগুলি পাস করেছে, তবে অধিকার গোষ্ঠীগুলি বলে যে তাদের প্রয়োগ করার ক্ষমতা সীমিত রয়েছে৷	External Regulation and Reputation	bn	14.0
"ডরফ বলেন, ""কোনও কূটনীতিক তাদের সঠিক মনের মতো এমন একটি দেশ সফর করা ভালো ভাববেন না যেটি সমকামী বিয়ের জন্য প্রস্তুত নয়।"""	External Regulation and Reputation	bn	14.0
সমকামী বিবাহের জন্য জনসমর্থন যখন বাড়ছে, তখন ব্যক্তি ও সংস্থার মধ্যে বিতর্ক যারা আইনি সমতাকে সমর্থন করে এবং যারা ধর্মের ভিত্তিতে বিবাহের সমতার বিরোধিতা করে তাদের মধ্যে বিতর্ক অব্যাহত রয়েছে।	External Regulation and Reputation	bn	14.0
বিংশ শতাব্দীর শেষভাগে, সমকামিতার প্রতি মনোভাবের উদারীকরণ এবং সমকামী আচরণ নিয়ন্ত্রণকারী আইন, বিশেষ করে পশ্চিম ইউরোপ এবং মার্কিন যুক্তরাষ্ট্রে, এই বিষয়ে একাডেমিক এবং জনসাধারণের আগ্রহ বৃদ্ধি পায়।	Cultural Identity	bn	11.0
2000-এর দশকের গোড়ার দিকে, অনেক দেশ এবং স্থানীয় বিচারব্যবস্থা সমকামী বিবাহকে বৈধ করে। অন্যান্য বিচারব্যবস্থায়, সাংবিধানিক ব্যবস্থা গ্রহণ করা হয়েছে যাতে সমকামী বিবাহের অনুমতি না দেওয়া যায়, অথবা অন্য কোথাও সম্পাদিত এই ধরনের বিবাহের স্বীকৃতি অস্বীকার করে আইন পাস করা হয়েছে।	Cultural Identity	bn	11.0
ভিন্ন ভিন্ন গোষ্ঠী একই আচরণকে ভিন্ন ভিন্ন উপায়ে বিশ্লেষণ করে তা একবিংশ শতাব্দীর গোড়ার দিকে সামাজিক সমস্যা হিসেবে এর গুরুত্ব প্রদর্শন করে। এটি আরও দেখায় যে দেশগুলির মধ্যে এবং মধ্যে সাংস্কৃতিক বৈচিত্র্য রয়েছে।	Cultural Identity	bn	11.0
ডকুমেন্টেশনের সবচেয়ে সাধারণ ফর্ম হল সাধারণ আইন বিবাহ। মরগান বিবাহ যেখানে শিরোনাম এবং সম্পত্তি সন্তানদের কাছে যায় না। বিনিময় বিবাহ, যেখানে এক পরিবারের এক ভাই আরেক ভাইকে বিয়ে করে। এবং বহুবিবাহ (স্বামী) বা গোষ্ঠী বিবাহের উপর ভিত্তি করে বিবাহ। বহুবিবাহে (স্ত্রী)।	Cultural Identity	bn	11.0
বিবাহ এবং যৌনতার ধর্মীয় ও ধর্মনিরপেক্ষ প্রত্যাশা\nসময়ের সাথে সাথে, বাচোফেন এবং মর্গানের লেখা ইতিহাস এবং ঐতিহ্যগত সংস্কৃতি, অন্যান্যদের মধ্যে, ধীরে ধীরে ঔপনিবেশিকতার দ্বারা আরোপিত একজাতকরণের শিকার হয়।	Cultural Identity	bn	11.0
জাতিসংঘ সহ আন্তর্জাতিক সংস্থাগুলি LGBTQ+ অধিকারগুলিকে সমর্থন করে প্রস্তাবগুলি পাস করেছে, তবে অধিকার গোষ্ঠীগুলি বলে যে তাদের প্রয়োগ করার ক্ষমতা সীমিত রয়েছে৷	Fairness and Equality	bn	4.0
এদিকে, রাশিয়ার আধা-স্বায়ত্তশাসিত প্রজাতন্ত্র চেচনিয়ায়, 2017 সাল থেকে দুটি পৃথক সরকারি অভিযানে সমকামী বলে সন্দেহ করা কয়েক ডজন পুরুষকে গ্রেপ্তার করা হয়েছে, নির্যাতন করা হয়েছে এবং হত্যা করা হয়েছে।	Fairness and Equality	bn	4.0
থাইল্যান্ড এবং ভিয়েতনামের আইনপ্রণেতারা এমন বিল বিবেচনা করছেন যা সমকামী বিয়ে বা সহবাসকে বৈধ করবে।	Fairness and Equality	bn	4.0
সমকামী বিবাহকে বৈধ করার জন্য সমর্থনও ক্যারিবিয়ান অঞ্চলে সবচেয়ে কম, জ্যামাইকায় 16 শতাংশ এবং ডোমিনিকান প্রজাতন্ত্রে 23 শতাংশ, ILGA অনুসারে৷	Fairness and Equality	bn	4.0
স্বামী/স্ত্রী, পিতামাতা এবং সন্তানদের আইনি সম্পর্কগুলিও সেই গোষ্ঠীগুলিতে ওভারল্যাপ করার প্রবণতা ছিল যেখানে সমলিঙ্গের বিবাহ অত্যন্ত সমস্যাযুক্ত ছিল।	Health and Safety	bn	9.0
বিবাহের জাগ্রত মডেলের বিপরীতে, বৈধ সমকামী বিবাহের প্রবক্তারা প্রায়শই বিশ্বাস করেন যে যৌন ঘনিষ্ঠতা অন্তর্ভুক্ত প্রতিশ্রুতিবদ্ধ অংশীদারিত্বগুলি মূল্যবান কারণ তারা মানুষকে অনন্য এবং অনন্য উপায়ে একত্রিত করে।	Health and Safety	bn	9.0
অন্যান্য কিছু দেশে ইসলামিক সংবিধান আছে যেগুলো প্রায়ই সমকামী দম্পতিদের বিয়ে নিষিদ্ধ বলে ব্যাখ্যা করা হয়।	Legality, Constitutionality, Jurisdiction	bn	5.0
মার্কিন যুক্তরাষ্ট্রে, 1987 সালে ওয়াশিংটনে দ্বিতীয় জাতীয় সমকামী অধিকারের মার্চের পর সমকামী অধিকার আন্দোলনের আনুষ্ঠানিক দাবিতে সমকামী বিবাহ হয়ে ওঠে।	Legality, Constitutionality, Jurisdiction	bn	5.0
অন্যান্য দেশে, গৃহীত সংবিধানে এমন ভাষা রয়েছে যে বিবাহ একজন পুরুষ এবং একজন মহিলার মধ্যে, যখন সমকামী বিবাহ নিষিদ্ধ করার কোন ভাষা নেই, বিশেষ করে পুরানো সংবিধানগুলিতে।	Legality, Constitutionality, Jurisdiction	bn	5.0
তারা আরও বলেছে যে সহবাসের মতো আলাদা আইন দিয়ে সমকামী বিবাহের পরিবর্তে এটি অগ্রহণযোগ্য এবং বৈষম্যমূলক।	Legality, Constitutionality, Jurisdiction	bn	5.0
তুলনামূলকভাবে আলাদা হওয়া সত্ত্বেও, কিছু সংস্থা সম্পূর্ণরূপে সমলিঙ্গের অংশীদারিত্বকে স্বীকৃতি দেয়।	Legality, Constitutionality, Jurisdiction	bn	5.0
যদিও বিশ্বের বেশিরভাগ দেশে সমকামী বিবাহ আইন, ধর্ম এবং ঐতিহ্য দ্বারা নিয়ন্ত্রিত হয়, তবে আইনী এবং সামাজিক প্রতিক্রিয়া একদিকে উদযাপন থেকে অন্যদিকে অপরাধীকরণ পর্যন্ত পরিবর্তিত হয়।	Morality	bn	3.0
20 শতকের শেষের দিকে এবং 21 শতকের প্রথম দিকে, বিশ্বের এক বা একাধিক ধর্মের মতামত (বৌদ্ধ, হিন্দু, ইহুদি, ইসলাম এবং খ্রিস্টান) এবং তাদের নিজ নিজ নাগরিক আইনের অনুশীলনগুলি প্রায়শই সমকামী বিবাহ সম্পর্কিত জাতীয় বিতর্কগুলিতে উদ্ধৃত করা হয়েছিল।	Morality	bn	3.0
এমনকি ইরানেও, যেখানে দৃঢ় মুসলিম ধর্মীয় বিশ্বাস সমকামিতাকে অপরাধী করে, এমনকি ডেনমার্কেও, যেখানে ইভানজেলিকাল লুথারান বিশপদের (রাষ্ট্রধর্মের প্রতিনিধিত্বকারী) সম্মেলনের ফলাফল জাতীয় স্বীকৃতির প্রথম স্তরের পথ তৈরি করে। নিবন্ধিত অংশীদারিত্বের মাধ্যমে সমকামী সম্পর্ক।	Morality	bn	3.0
অন্যান্য ক্ষেত্রে, প্রভাবশালী ধর্মের দ্বারা প্রচারিত সাংস্কৃতিক সমতা নীতিটিকে রাজনৈতিক ক্ষেত্রে বহন করেনি, যদিও এটি নাগরিকদের মধ্যে একটি সংবেদনশীল বিতর্কের জন্ম দিয়েছে: উদাহরণস্বরূপ, বেলজিয়াম এবং স্পেনে, সমকামিতার বৈধতা কি বিয়েতে আসে? ধর্মীয় সংগঠন, রোমান ক্যাথলিক চার্চ।	Morality	bn	3.0
কিন্তু সুপ্রিম কোর্টের রো ভি. ওয়েডের সিদ্ধান্ত নতুন উদ্বেগ উত্থাপন করেছে যে দেশের সর্বোচ্চ আদালত বিবাহের সমতা সম্পর্কিত অন্যান্য অধিকারগুলি পুনর্বিবেচনা করবে। .	Other	bn	15.0
"""আগামী কয়েক বছরের জন্য কোন পরিকল্পনা নেই"" শব্দগুলি দীর্ঘকালের ওয়াশিংটনের বাসিন্দাদের জন্য একটি আশ্চর্যজনক ব্যক্তিগত বিকাশের প্রতিনিধিত্ব করে, একজন সিনেটর হিসাবে বিডেনের দৃঢ়তা ফেডারেল সরকারকে সমকামী বিবাহকে স্বীকৃতি দেওয়া থেকে বাধা দেওয়ার পক্ষে ভোট দিয়েছে, যা তিনি পূর্বে শুধুমাত্র জোর দিয়েছিলেন। ভিতরে নারী-পুরুষের অবস্থা।"	Other	bn	15.0
এখনও হিংসা ও ঘৃণা আছে। ট্রান্স অধিকার, ট্রান্স অ্যাথলেট, লিঙ্গ-নিশ্চিত স্বাস্থ্যসেবা এবং ট্রান্স যুবকদের জন্য স্কুল সম্পর্কে LGBTQ থিম এবং চরিত্র সহ বই।	Policy Prescription and Evaluation	bn	6.0
সুবিধাবাদী ডানপন্থী রাজনীতিবিদরা প্রান্তিক সম্প্রদায়ের মধ্যে ভিত্তিহীন ভীতি সঞ্চার করে ক্ষমতা লাভ করে যারা এই বিষয়গুলিকে ভুল বোঝে এবং তারপর তাদের লক্ষ্য থেকে নিজেদের রক্ষা করে।	Policy Prescription and Evaluation	bn	6.0
"সাশা আইজেনবার্গ, এনগেজমেন্ট: আমেরিকাস কোয়ার্টার সেম-এর লেখক বলেছেন: ""একজন রাষ্ট্রপতি প্রার্থী এবং সিনেটের ভাইস প্রেসিডেন্ট হিসাবে, তিনি সর্বদা এলজিবিটি ইস্যুতে সতর্ক থাকতেন এবং তার বিরোধীরা তাকে বামপন্থী হিসাবে চিত্রিত করতে ব্যবহার করতে পারে এমন কোনও অবস্থান নিতে ভয় পেতেন।"" -সেক্স ম্যারেজ অন দ্য হান্ড্রেড ইয়ার ওয়ার, সিএনএন রিপোর্ট করেছে।"	Policy Prescription and Evaluation	bn	6.0
জুডিথ কারসন-উইন্ডসর, সমকামী অধিকার কর্মী এডি উইন্ডসরের স্ত্রী। কলোরাডো স্প্রিংসের একটি এলজিবিটিকিউ ক্লাব, ক্লাব কিউ-এর সহ-মালিক ম্যাথিউ হেইনস গত মাসে একটি গণ বন্দুকধারীর হাতে নিহত হন। 5? জেমস স্লোহ, যিনি শ্যুটিং ক্লাব কিউ এবং মাইকেল অ্যান্ডারসন থেকে বেঁচে গিয়েছিলেন; ল্যান্ডমার্ক নাগরিক অধিকার মামলার বেশ কয়েকজন বাদী ওবার্গফেল বনাম হজেস, যা 2015 সালে রায় দিয়েছিল যে সমকামী দম্পতিরা দেশব্যাপী বিয়ে করতে পারে।	Policy Prescription and Evaluation	bn	6.0
হাউস অফ রিপ্রেজেন্টেটিভস বৃহস্পতিবার সমকামী এবং আন্তঃজাতিগত বিবাহকে রক্ষা করে আইন পাস করেছে। বিলটি তার স্বাক্ষরের জন্য রাষ্ট্রপতি জো বিডেনের কাছে যাওয়ার এবং আইনে পরিণত হওয়ার আগে এটিই চূড়ান্ত পদক্ষেপ।	Policy Prescription and Evaluation	bn	6.0
রাষ্ট্রপতি জো বিডেন মঙ্গলবার সমকামী এবং মিশ্র-লিঙ্গের দম্পতিদের জন্য ঐতিহাসিক নতুন ফেডারেল সুরক্ষায় স্বাক্ষর করেছেন, এমন একটি ইস্যুতে ব্যক্তিগত এবং জাতীয় উন্নয়নগুলিকে ক্যাপিং করে যা গত দশকে আরও গৃহীত হয়েছে।	Political	bn	13.0
বিডেন সাউথ লনে হাজার হাজার অতিথির সামনে সাশ্রয়ী মূল্যের যত্ন আইনে স্বাক্ষর করেছিলেন, যা হোয়াইট হাউস বলেছিল যে এই মুহূর্তের তাত্পর্য প্রতিফলিত হয়েছে।	Political	bn	13.0
যদিও সমকামী বিবাহের বিষয়ে জনমত বছরের পর বছর ধরে ওঠানামা করেছে, এই জাতীয় বিল ওয়াশিংটনে পাস হওয়ার সম্ভাবনা কম বলে মনে হচ্ছে: একটি অলাভজনক সমীক্ষা অনুসারে, 2021 সালে 68 শতাংশ আমেরিকান সমকামী বিবাহকে সমর্থন করে, 2014 থেকে বেশি৷ সেখানে 14 ছিল৷ পাবলিক ধর্ম গত বছর শতাংশ বৃদ্ধি.	Political	bn	13.0
"""আগামী কয়েক বছরের জন্য কোন পরিকল্পনা নেই"" শব্দগুলি দীর্ঘকালের ওয়াশিংটনের বাসিন্দাদের জন্য একটি আশ্চর্যজনক ব্যক্তিগত বিকাশের প্রতিনিধিত্ব করে, একজন সিনেটর হিসাবে বিডেনের দৃঢ়তা ফেডারেল সরকারকে সমকামী বিবাহকে স্বীকৃতি দেওয়া থেকে বাধা দেওয়ার পক্ষে ভোট দিয়েছে, যা তিনি পূর্বে শুধুমাত্র জোর দিয়েছিলেন। ভিতরে নারী-পুরুষের অবস্থা।"	Political	bn	13.0
"""আপনি দেখেছেন, গতকাল হাউসে খুব ভাল দ্বিদলীয় সমর্থন ছিল এবং আমি আশা করি আপনি এটি সিনেটে দেখতে পাবেন,"" তিনি বলেছিলেন।"	Political	bn	13.0
প্রায় অর্ধেক (51%) যাদের উচ্চ বিদ্যালয়ের চেয়ে কম শিক্ষা রয়েছে তারা বলে সমকামী বিবাহ সমাজের জন্য খুব ভাল (26%) বা কিছুটা ভাল (25%), যখন 45% (20%) তিনি বলেছেন যে তিনি নন . খুব খারাপ (24%)।	Public Sentiment	bn	12.0
যদিও আমেরিকানদের বয়স এবং শিক্ষাগত পটভূমি নির্বিশেষে পক্ষপাতমূলক পার্থক্যগুলি সম্পূর্ণ, এই পার্থক্যগুলি বয়স্ক প্রাপ্তবয়স্কদের তুলনায় অল্প বয়স্কদের মধ্যে আরও বিনয়ী।	Public Sentiment	bn	12.0
কমবয়সী রিপাবলিকানরা বয়স্ক রিপাবলিকানদের তুলনায় সমলিঙ্গের বিয়ের বিষয়ে বেশি ইতিবাচক মতামত প্রকাশ করেছে, যখন ডেমোক্র্যাটদের মধ্যে বয়সের ব্যবধান কম ছিল।	Public Sentiment	bn	12.0
রিপাবলিকানদের তুলনায় ডেমোক্র্যাটদের জন্য শিক্ষার ব্যবধান কিছুটা বেশি।	Public Sentiment	bn	12.0
এমনকি প্রাক্তন রাষ্ট্রপতি বারাক ওবামার মতো উচ্চ-প্রোফাইল ডেমোক্র্যাটরাও সমকামী বিবাহের জন্য তাদের সমর্থন ভাগ করতে অনিচ্ছুক ছিলেন — ওবামা শেষ পর্যন্ত এটি করার প্রথম রাষ্ট্রপতি হয়েছিলেন।	Public Sentiment	bn	12.0
যদিও সমকামী বিবাহের জন্য সমর্থন গত 15 বছরে প্রজন্ম জুড়ে বেড়েছে, বয়সের ব্যবধান বিস্তৃত রয়ে গেছে।	Quality of Life	bn	10.0
উদাহরণস্বরূপ, নীরব প্রজন্মের প্রাপ্তবয়স্কদের 45 শতাংশ (1928 এবং 1945 সালের মধ্যে জন্মগ্রহণ করেছেন) সমকামী বিবাহের অনুমতি দেয়, যেখানে সহস্রাব্দের 74 শতাংশ (1981 এবং 1996 সালের মধ্যে জন্ম) সমকামী বিবাহের অনুমতি দেয়।	Quality of Life	bn	10.0
একটি 2017 গ্যালাপ জরিপে দেখা গেছে যে 10 জনের মধ্যে একজন এলজিবিটি আমেরিকান (10.2%) উচ্চ আদালতের সিদ্ধান্তের কয়েক মাস আগে (7.9%) সমকামী সঙ্গীকে বিয়ে করেছে।	Quality of Life	bn	10.0
অক্টোবরে মধ্যবর্তী নির্বাচনের আগে পরিচালিত একটি নতুন জরিপে দেখা গেছে যে সুপ্রিম কোর্ট জুনের রো বনাম। ওয়েড তার সিদ্ধান্ত বাতিল করার পর, এটি সারা দেশে সমকামী বিবাহ বৈধ কিনা তা নিয়ে কিছু প্রশ্ন উত্থাপন করেছে। রাজ্যগুলিতে গর্ভপাত আইন ফিরে আসছে।	Quality of Life	bn	10.0
পিউ রিসার্চ সেন্টার সমকামী বিবাহের আইনী অবস্থা সম্পর্কে জনগণের মতামত জানার জন্য প্রশ্ন করেছিল।	Quality of Life	bn	10.0
এর জন্য রাজ্যগুলিকে সমকামী এবং বহু-জাতিগত অংশীদারিত্ব সহ রাজ্যের বাইরের বিবাহের লাইসেন্সগুলির বৈধতা বজায় রাখতে হবে৷	Security and Defense	bn	8.0
"""সুখের সাধনা হল আপনি যাকে চান তাকে ভালবাসতে সক্ষম হওয়া,"" তিনি বলেছিলেন।"	Security and Defense	bn	8.0
এটি স্পষ্ট করে যে ধর্মীয় প্রতিষ্ঠানগুলি সমকামী বিবাহ বলবৎ করে না এবং সরকার তাদের বহুবিবাহ রক্ষা করতে বাধ্য করতে পারে না।	Security and Defense	bn	8.0
হাউস অফ রিপ্রেজেন্টেটিভস মঙ্গলবার দেশব্যাপী সমকামী বিবাহকে বৈধতা দিতে এবং বিবাহের সমতার জন্য অন্যান্য সুরক্ষা জোরদার করার জন্য আইন পাস করেছে, সাম্প্রতিক সুপ্রিম কোর্টের রায়ের প্রত্যক্ষ প্রতিক্রিয়া যা দীর্ঘদিন ধরে রাষ্ট্রের গর্ভপাতের অধিকার কেড়ে নিয়েছে।	Security and Defense	bn	8.0
একদিকে, বিবাহের উদ্দেশ্য হল প্রজনন এবং সন্তান লালন-পালন সুষ্ঠুভাবে এগিয়ে চলা নিশ্চিত করা।	Quality of Life	bn	10.0
